Track_Name,Track_ID,URL,Artist(s),Album,Popularity,Duration,Tempo,Key,Mode,Danceability,Energy,Loudness,Speechiness,Acousticness,Instrumentalness,Liveliness,Valence,Time_Signature
I Wanna Be Yours,spotify:track:5XeFesFbtLpXzIVDNQP22n,https://open.spotify.com/track/5XeFesFbtLpXzIVDNQP22n,['Arctic Monkeys'],AM,90,3.07,67.528,0,0,0.464,0.417,-9.345,0.0256,0.136,0.022,0.0974,0.479,4
I Wanna Be Yours,spotify:track:5XeFesFbtLpXzIVDNQP22n,https://open.spotify.com/track/5XeFesFbtLpXzIVDNQP22n,['Arctic Monkeys'],AM,90,3.07,67.528,0,0,0.464,0.417,-9.345,0.0256,0.136,0.022,0.0974,0.479,4
I Wanna Be Yours,spotify:track:5XeFesFbtLpXzIVDNQP22n,https://open.spotify.com/track/5XeFesFbtLpXzIVDNQP22n,['Arctic Monkeys'],AM,90,3.07,67.528,0,0,0.464,0.417,-9.345,0.0256,0.136,0.022,0.0974,0.479,4
Lover,spotify:track:1dGr1c8CrMLDpV6mPbImSI,https://open.spotify.com/track/1dGr1c8CrMLDpV6mPbImSI,['Taylor Swift'],Lover,84,3.69,68.534,7,1,0.359,0.543,-7.582,0.0919,0.492,1.58e-05,0.118,0.453,4
Spotless (feat. The Lumineers),spotify:track:0HEytGQM3bG1vKxER7IgVK,https://open.spotify.com/track/0HEytGQM3bG1vKxER7IgVK,"['Zach Bryan', 'The Lumineers']",Zach Bryan,78,2.82,72.129,0,1,0.604,0.444,-7.695,0.0698,0.409,0.0,0.0837,0.169,4
Spotless (feat. The Lumineers),spotify:track:0HEytGQM3bG1vKxER7IgVK,https://open.spotify.com/track/0HEytGQM3bG1vKxER7IgVK,"['Zach Bryan', 'The Lumineers']",Zach Bryan,78,2.82,72.129,0,1,0.604,0.444,-7.695,0.0698,0.409,0.0,0.0837,0.169,4
Let Her Go (feat. Ed Sheeran) - Anniversary Edition,spotify:track:1nHKI4L5pWrN5CUvW07nHP,https://open.spotify.com/track/1nHKI4L5pWrN5CUvW07nHP,"['Passenger', 'Ed Sheeran']",All The Little Lights (Anniversary Edition),62,4.28,72.588,6,1,0.495,0.488,-6.94,0.0359,0.593,1.21e-06,0.327,0.333,4
When I Was Your Man,spotify:track:0nJW01T7XtvILxQgC5J7Wh,https://open.spotify.com/track/0nJW01T7XtvILxQgC5J7Wh,['Bruno Mars'],Unorthodox Jukebox,87,3.56,72.795,0,1,0.612,0.28,-8.648,0.0434,0.932,0.0,0.088,0.387,4
Karma Police,spotify:track:63OQupATfueTdZMWTxW03A,https://open.spotify.com/track/63OQupATfueTdZMWTxW03A,['Radiohead'],OK Computer,76,4.4,74.807,7,1,0.36,0.501,-9.129,0.0258,0.0638,9.32e-05,0.172,0.324,4
Let Her Go,spotify:track:1KxwZYyzWNyZSRyErj2ojT,https://open.spotify.com/track/1KxwZYyzWNyZSRyErj2ojT,['Passenger'],All The Little Lights,72,4.21,74.897,7,1,0.479,0.545,-7.346,0.0688,0.365,0.0,0.0963,0.243,4
Ride,spotify:track:2Z8WuEywRWYTKe1NybPQEW,https://open.spotify.com/track/2Z8WuEywRWYTKe1NybPQEW,['Twenty One Pilots'],Blurryface,80,3.58,74.989,6,1,0.645,0.713,-5.355,0.0393,0.00835,0.0,0.113,0.566,4
Ride,spotify:track:2Z8WuEywRWYTKe1NybPQEW,https://open.spotify.com/track/2Z8WuEywRWYTKe1NybPQEW,['Twenty One Pilots'],Blurryface,80,3.58,74.989,6,1,0.645,0.713,-5.355,0.0393,0.00835,0.0,0.113,0.566,4
Hate Me,spotify:track:15og0pCEcTFWEXOFKdcJlU,https://open.spotify.com/track/15og0pCEcTFWEXOFKdcJlU,"['Ellie Goulding', 'Juice WRLD']",Brightest Blue,73,3.13,75.018,8,1,0.64,0.789,-4.891,0.0644,0.0875,0.0,0.147,0.762,4
Hate Me,spotify:track:15og0pCEcTFWEXOFKdcJlU,https://open.spotify.com/track/15og0pCEcTFWEXOFKdcJlU,"['Ellie Goulding', 'Juice WRLD']",Brightest Blue,73,3.13,75.018,8,1,0.64,0.789,-4.891,0.0644,0.0875,0.0,0.147,0.762,4
You & Me - Flume Remix,spotify:track:3W2ZcrRsInZbjWylOi6KhZ,https://open.spotify.com/track/3W2ZcrRsInZbjWylOi6KhZ,"['Disclosure', 'Eliza Doolittle', 'Flume']",Settle (Special Edition),70,4.71,75.066,10,0,0.599,0.392,-6.869,0.0257,0.378,0.000107,0.131,0.26,4
Skyfall,spotify:track:6VObnIkLVruX4UVyxWhlqm,https://open.spotify.com/track/6VObnIkLVruX4UVyxWhlqm,['Adele'],Skyfall,84,4.77,75.881,0,0,0.346,0.552,-6.864,0.0282,0.417,0.0,0.114,0.0789,4
Brain Stew,spotify:track:1nLnpLXvl68RZCSjfkyiaa,https://open.spotify.com/track/1nLnpLXvl68RZCSjfkyiaa,['Green Day'],Insomniac,75,3.22,75.958,1,1,0.559,0.543,-5.429,0.302,0.00133,2e-05,0.0577,0.337,4
Ophelia,spotify:track:14AyWf6y7KlWWLfAjdKMKI,https://open.spotify.com/track/14AyWf6y7KlWWLfAjdKMKI,['The Lumineers'],Cleopatra,80,2.67,76.023,5,1,0.664,0.573,-6.519,0.0277,0.613,0.000363,0.0857,0.566,4
Ophelia,spotify:track:14AyWf6y7KlWWLfAjdKMKI,https://open.spotify.com/track/14AyWf6y7KlWWLfAjdKMKI,['The Lumineers'],Cleopatra,80,2.67,76.023,5,1,0.664,0.573,-6.519,0.0277,0.613,0.000363,0.0857,0.566,4
No Surprises,spotify:track:10nyNJ6zNy2YVYLrcwLccB,https://open.spotify.com/track/10nyNJ6zNy2YVYLrcwLccB,['Radiohead'],OK Computer,82,3.82,76.426,5,1,0.255,0.393,-10.654,0.0278,0.0577,0.00361,0.113,0.118,4
Crazy Little Thing Called Love - Remastered 2011,spotify:track:35ItUJlMtjOQW3SSiTCrrw,https://open.spotify.com/track/35ItUJlMtjOQW3SSiTCrrw,['Queen'],The Game (Deluxe Remastered Version),69,2.72,76.961,0,1,0.599,0.762,-6.887,0.0423,0.714,4.43e-06,0.35,0.715,4
Enemy (with JID) - from the series Arcane League of Legends,spotify:track:3CIyK1V4JEJkg02E4EJnDl,https://open.spotify.com/track/3CIyK1V4JEJkg02E4EJnDl,"['Imagine Dragons', 'JID', 'Arcane', 'League of Legends']",Mercury - Acts 1 & 2,79,2.89,77.011,11,0,0.728,0.783,-4.424,0.266,0.237,0.0,0.434,0.555,4
Enemy (with JID) - from the series Arcane League of Legends,spotify:track:3CIyK1V4JEJkg02E4EJnDl,https://open.spotify.com/track/3CIyK1V4JEJkg02E4EJnDl,"['Imagine Dragons', 'JID', 'Arcane', 'League of Legends']",Mercury - Acts 1 & 2,79,2.89,77.011,11,0,0.728,0.783,-4.424,0.266,0.237,0.0,0.434,0.555,4
Simple Song,spotify:track:70HWRkitkAKfos500LBk0T,https://open.spotify.com/track/70HWRkitkAKfos500LBk0T,['Passenger'],The Boy Who Cried Wolf,58,3.81,78.0,5,1,0.631,0.402,-11.125,0.0286,0.616,0.0114,0.0892,0.598,4
In The Stars,spotify:track:315aBOUD3xtj7sUMXtRgMV,https://open.spotify.com/track/315aBOUD3xtj7sUMXtRgMV,['Benson Boone'],Fireworks & Rollerblades,81,3.61,78.007,10,1,0.362,0.54,-6.031,0.0528,0.338,0.0,0.139,0.3,3
Look After You,spotify:track:5l6hpyTGBK0LAAxgPnqTQL,https://open.spotify.com/track/5l6hpyTGBK0LAAxgPnqTQL,['The Fray'],How To Save A Life,75,4.45,78.039,6,0,0.447,0.592,-3.015,0.0319,0.0575,4.47e-06,0.13,0.283,4
Drops of Jupiter (Tell Me),spotify:track:2hKdd3qO7cWr2Jo0Bcs0MA,https://open.spotify.com/track/2hKdd3qO7cWr2Jo0Bcs0MA,['Train'],Drops Of Jupiter,80,4.33,79.064,0,1,0.481,0.638,-5.862,0.0276,0.153,0.0,0.154,0.497,4
Ho Hey,spotify:track:0DwClY2t9YAWHBROMIgrXb,https://open.spotify.com/track/0DwClY2t9YAWHBROMIgrXb,['The Lumineers'],The Lumineers,80,2.72,79.936,0,1,0.685,0.466,-9.074,0.0304,0.791,2.06e-06,0.0914,0.353,4
Ho Hey,spotify:track:0DwClY2t9YAWHBROMIgrXb,https://open.spotify.com/track/0DwClY2t9YAWHBROMIgrXb,['The Lumineers'],The Lumineers,80,2.72,79.936,0,1,0.685,0.466,-9.074,0.0304,0.791,2.06e-06,0.0914,0.353,4
Sword from the Stone,spotify:track:1Fc2Gqn9bTuoeSHfhl1net,https://open.spotify.com/track/1Fc2Gqn9bTuoeSHfhl1net,['Passenger'],Songs for the Drunk and Broken Hearted,51,3.36,79.938,0,0,0.619,0.457,-9.324,0.0348,0.581,4.63e-05,0.136,0.434,4
"It Must Have Been Love - From the Film ""Pretty Woman""",spotify:track:6kvoHl80mfCVTv7XnZkjQn,https://open.spotify.com/track/6kvoHl80mfCVTv7XnZkjQn,['Roxette'],It Must Have Been Love,77,4.31,80.61,5,1,0.52,0.652,-6.655,0.0274,0.339,6.14e-05,0.256,0.722,4
Wake Me Up Before You Go-Go,spotify:track:0ikz6tENMONtK6qGkOrU3c,https://open.spotify.com/track/0ikz6tENMONtK6qGkOrU3c,['Wham!'],Make It Big,79,3.86,81.548,0,1,0.62,0.573,-11.893,0.0423,0.271,0.0,0.0607,0.897,4
I'm Not The Only One,spotify:track:7795WJLVKJoAyVoOtCWqXN,https://open.spotify.com/track/7795WJLVKJoAyVoOtCWqXN,['Sam Smith'],In The Lonely Hour,82,3.99,82.004,5,1,0.678,0.484,-5.795,0.0361,0.529,2.01e-05,0.0766,0.493,4
I Bet on Losing Dogs,spotify:track:2Co0IjcLTSHMtodwD4gzfg,https://open.spotify.com/track/2Co0IjcLTSHMtodwD4gzfg,['Mitski'],Puberty 2,81,2.84,82.048,9,1,0.398,0.493,-9.561,0.0303,0.00347,0.000157,0.106,0.412,4
Better Days (feat. John Mayer),spotify:track:1vj47xD8v9wIhQrmQY2Dkv,https://open.spotify.com/track/1vj47xD8v9wIhQrmQY2Dkv,"['Zach Bryan', 'John Mayer']",The Great American Bar Scene,72,3.54,82.685,9,1,0.562,0.564,-6.946,0.0361,0.705,0.0,0.0932,0.314,4
Stay With Me,spotify:track:5Nm9ERjJZ5oyfXZTECKmRt,https://open.spotify.com/track/5Nm9ERjJZ5oyfXZTECKmRt,['Sam Smith'],In The Lonely Hour,81,2.88,84.126,0,1,0.413,0.42,-6.444,0.0416,0.588,6.39e-05,0.11,0.185,4
Under the Bridge,spotify:track:3d9DChrdc6BOeFsbrZ3Is0,https://open.spotify.com/track/3d9DChrdc6BOeFsbrZ3Is0,['Red Hot Chili Peppers'],Blood Sugar Sex Magik (Deluxe Edition),82,4.41,84.581,4,1,0.559,0.345,-13.496,0.0459,0.0576,0.000105,0.141,0.458,4
"One Of The Girls (with JENNIE, Lily Rose Depp)",spotify:track:7CyPwkp0oE8Ro9Dd5CUDjW,https://open.spotify.com/track/7CyPwkp0oE8Ro9Dd5CUDjW,"['The Weeknd', 'JENNIE', 'Lily-Rose Depp']",The Idol Episode 4 (Music from the HBO Original Series),89,4.08,84.828,8,1,0.264,0.64,-6.221,0.0442,0.0393,2.31e-06,0.151,0.19,4
Royals,spotify:track:2dLLR6qlu5UJ5gk0dKz0h3,https://open.spotify.com/track/2dLLR6qlu5UJ5gk0dKz0h3,['Lorde'],Pure Heroine,75,3.17,84.876,7,1,0.674,0.426,-9.504,0.122,0.12,0.0,0.132,0.337,4
Daddy Issues,spotify:track:5E30LdtzQTGqRvNd7l6kG5,https://open.spotify.com/track/5E30LdtzQTGqRvNd7l6kG5,['The Neighbourhood'],Wiped Out!,84,4.34,85.012,10,1,0.588,0.521,-9.461,0.0329,0.0678,0.149,0.123,0.337,4
Daddy Issues,spotify:track:5E30LdtzQTGqRvNd7l6kG5,https://open.spotify.com/track/5E30LdtzQTGqRvNd7l6kG5,['The Neighbourhood'],Wiped Out!,84,4.34,85.012,10,1,0.588,0.521,-9.461,0.0329,0.0678,0.149,0.123,0.337,4
Do I Wanna Know?,spotify:track:5FVd6KXrgO9B3JPmC8OPst,https://open.spotify.com/track/5FVd6KXrgO9B3JPmC8OPst,['Arctic Monkeys'],AM,84,4.54,85.03,5,1,0.548,0.532,-7.596,0.0323,0.186,0.000263,0.217,0.405,4
Do I Wanna Know?,spotify:track:5FVd6KXrgO9B3JPmC8OPst,https://open.spotify.com/track/5FVd6KXrgO9B3JPmC8OPst,['Arctic Monkeys'],AM,84,4.54,85.03,5,1,0.548,0.532,-7.596,0.0323,0.186,0.000263,0.217,0.405,4
Do I Wanna Know?,spotify:track:5FVd6KXrgO9B3JPmC8OPst,https://open.spotify.com/track/5FVd6KXrgO9B3JPmC8OPst,['Arctic Monkeys'],AM,84,4.54,85.03,5,1,0.548,0.532,-7.596,0.0323,0.186,0.000263,0.217,0.405,4
Basket Case,spotify:track:6L89mwZXSOwYl76YXfX13s,https://open.spotify.com/track/6L89mwZXSOwYl76YXfX13s,['Green Day'],Dookie,80,3.03,85.064,3,1,0.442,0.943,-3.205,0.0602,0.00293,8.71e-06,0.091,0.781,4
Eyes Without A Face,spotify:track:0pUVeEgZuNyFzIMKp67RbS,https://open.spotify.com/track/0pUVeEgZuNyFzIMKp67RbS,['Billy Idol'],Rebel Yell,77,4.99,85.563,9,1,0.54,0.816,-6.197,0.0421,0.0177,0.00226,0.276,0.658,4
Listen To Your Heart,spotify:track:1qIKynV6YQZgocodkPdCy7,https://open.spotify.com/track/1qIKynV6YQZgocodkPdCy7,['Roxette'],Look Sharp!,56,5.47,86.063,1,0,0.539,0.583,-4.935,0.0275,0.108,0.0,0.111,0.337,4
Burn,spotify:track:5lF0pHbsJ0QqyIrLweHJPW,https://open.spotify.com/track/5lF0pHbsJ0QqyIrLweHJPW,['Ellie Goulding'],Halcyon Nights,74,3.85,86.735,10,0,0.313,0.76,-5.049,0.0616,0.3,0.0,0.105,0.343,4
Burn,spotify:track:5lF0pHbsJ0QqyIrLweHJPW,https://open.spotify.com/track/5lF0pHbsJ0QqyIrLweHJPW,['Ellie Goulding'],Halcyon Nights,74,3.85,86.735,10,0,0.313,0.76,-5.049,0.0616,0.3,0.0,0.105,0.343,4
CAVE (with Tove Lo),spotify:track:2kZ0cv0J6lRQxep2nA3Ilm,https://open.spotify.com/track/2kZ0cv0J6lRQxep2nA3Ilm,"['Dom Dolla', 'Tove Lo']",CAVE (with Tove Lo),69,3.01,87.537,6,0,0.487,0.674,-3.725,0.0473,0.387,5.2e-05,0.475,0.108,4
High and Dry,spotify:track:2a1iMaoWQ5MnvLFBDv4qkf,https://open.spotify.com/track/2a1iMaoWQ5MnvLFBDv4qkf,['Radiohead'],The Bends,75,4.29,87.568,4,1,0.419,0.383,-11.782,0.0256,0.0724,0.0176,0.0896,0.35,4
Marry Me,spotify:track:2MWOqewf5j0qf2b6S5J6cS,https://open.spotify.com/track/2MWOqewf5j0qf2b6S5J6cS,['Train'],"Save Me, San Francisco (Golden Gate Edition)",62,3.42,87.918,0,1,0.461,0.267,-8.514,0.0278,0.834,2.03e-05,0.107,0.481,4
You Get Me So High,spotify:track:7zwn1eykZtZ5LODrf7c0tS,https://open.spotify.com/track/7zwn1eykZtZ5LODrf7c0tS,['The Neighbourhood'],Hard To Imagine The Neighbourhood Ever Changing,81,2.55,88.036,7,0,0.551,0.881,-6.099,0.0542,0.186,0.0791,0.152,0.387,4
You Get Me So High,spotify:track:7zwn1eykZtZ5LODrf7c0tS,https://open.spotify.com/track/7zwn1eykZtZ5LODrf7c0tS,['The Neighbourhood'],Hard To Imagine The Neighbourhood Ever Changing,81,2.55,88.036,7,0,0.551,0.881,-6.099,0.0542,0.186,0.0791,0.152,0.387,4
Scar Tissue,spotify:track:1G391cbiT3v3Cywg8T7DM1,https://open.spotify.com/track/1G391cbiT3v3Cywg8T7DM1,['Red Hot Chili Peppers'],Californication (Deluxe Edition),82,3.6,88.969,0,1,0.595,0.717,-4.803,0.0295,0.0779,0.00274,0.108,0.547,4
august,spotify:track:3hUxzQpSfdDqwM3ZTFQY0K,https://open.spotify.com/track/3hUxzQpSfdDqwM3ZTFQY0K,['Taylor Swift'],folklore,83,4.37,89.937,5,1,0.532,0.623,-9.208,0.0331,0.538,7.28e-05,0.0925,0.403,4
Chlorine,spotify:track:23OXdR7YuUBVWh5hSnYJau,https://open.spotify.com/track/23OXdR7YuUBVWh5hSnYJau,['Twenty One Pilots'],Trench,71,5.41,90.009,10,0,0.609,0.674,-7.388,0.0548,0.0735,0.06,0.345,0.315,4
Chlorine,spotify:track:23OXdR7YuUBVWh5hSnYJau,https://open.spotify.com/track/23OXdR7YuUBVWh5hSnYJau,['Twenty One Pilots'],Trench,71,5.41,90.009,10,0,0.609,0.674,-7.388,0.0548,0.0735,0.06,0.345,0.315,4
Heathens,spotify:track:6i0V12jOa3mr6uu4WYhUBr,https://open.spotify.com/track/6i0V12jOa3mr6uu4WYhUBr,['Twenty One Pilots'],Heathens,82,3.27,90.024,4,0,0.732,0.396,-9.348,0.0286,0.0841,3.58e-05,0.105,0.548,4
Heathens,spotify:track:6i0V12jOa3mr6uu4WYhUBr,https://open.spotify.com/track/6i0V12jOa3mr6uu4WYhUBr,['Twenty One Pilots'],Heathens,82,3.27,90.024,4,0,0.732,0.396,-9.348,0.0286,0.0841,3.58e-05,0.105,0.548,4
Almost (Sweet Music),spotify:track:5Apvsk0suoivI1H8CmBglv,https://open.spotify.com/track/5Apvsk0suoivI1H8CmBglv,['Hozier'],"Wasteland, Baby!",74,3.62,90.036,7,1,0.523,0.687,-5.601,0.105,0.0215,2.86e-06,0.203,0.711,4
Almost (Sweet Music),spotify:track:5Apvsk0suoivI1H8CmBglv,https://open.spotify.com/track/5Apvsk0suoivI1H8CmBglv,['Hozier'],"Wasteland, Baby!",74,3.62,90.036,7,1,0.523,0.687,-5.601,0.105,0.0215,2.86e-06,0.203,0.711,4
Step On Me,spotify:track:6ZaiqbV2GfUtrUlhsu58fN,https://open.spotify.com/track/6ZaiqbV2GfUtrUlhsu58fN,['The Cardigans'],First Band On The Moon (Remastered),73,3.84,90.057,2,1,0.331,0.471,-5.631,0.0299,0.00644,0.0,0.0653,0.142,4
Better in the Dark,spotify:track:3SeDS5sSoWnwAZvVgkdKzf,https://open.spotify.com/track/3SeDS5sSoWnwAZvVgkdKzf,"['Jordana', 'TV Girl']",Summer's Over,78,2.59,90.058,9,1,0.678,0.64,-7.486,0.0268,0.283,0.00067,0.682,0.701,4
Memories,spotify:track:4cktbXiXOapiLBMprHFErI,https://open.spotify.com/track/4cktbXiXOapiLBMprHFErI,['Maroon 5'],JORDI (Deluxe),82,3.16,91.05,11,1,0.775,0.327,-7.241,0.0557,0.841,0.0,0.0821,0.595,4
Can't Stop,spotify:track:3ZOEytgrvLwQaqXreDs2Jx,https://open.spotify.com/track/3ZOEytgrvLwQaqXreDs2Jx,['Red Hot Chili Peppers'],By the Way (Deluxe Edition),81,4.48,91.455,9,1,0.618,0.938,-3.442,0.0456,0.0179,0.0,0.167,0.875,4
"Please, Please, Please, Let Me Get What I Want - 2011 Remaster",spotify:track:6BrMEbPSSj55nQhkgf6DnE,https://open.spotify.com/track/6BrMEbPSSj55nQhkgf6DnE,['The Smiths'],Hatful of Hollow,76,1.88,91.581,2,1,0.241,0.468,-9.579,0.0272,0.534,0.0,0.161,0.451,3
"Please, Please, Please, Let Me Get What I Want - 2011 Remaster",spotify:track:6BrMEbPSSj55nQhkgf6DnE,https://open.spotify.com/track/6BrMEbPSSj55nQhkgf6DnE,['The Smiths'],Hatful of Hollow,76,1.88,91.581,2,1,0.241,0.468,-9.579,0.0272,0.534,0.0,0.161,0.451,3
Creep,spotify:track:70LcF31zb1H0PyJoS1Sx1r,https://open.spotify.com/track/70LcF31zb1H0PyJoS1Sx1r,['Radiohead'],Pablo Honey,86,3.98,91.844,7,1,0.515,0.43,-9.935,0.0372,0.0097,0.000133,0.129,0.104,4
Too Good At Goodbyes,spotify:track:1mXVgsBdtIVeCLJnSnmtdV,https://open.spotify.com/track/1mXVgsBdtIVeCLJnSnmtdV,['Sam Smith'],The Thrill Of It All (Special Edition),81,3.35,91.931,5,1,0.715,0.372,-8.237,0.0443,0.638,0.0,0.169,0.474,4
Why'd You Only Call Me When You're High?,spotify:track:086myS9r57YsLbJpU0TgK9,https://open.spotify.com/track/086myS9r57YsLbJpU0TgK9,['Arctic Monkeys'],AM,84,2.69,92.004,2,1,0.691,0.631,-6.478,0.0368,0.0483,1.13e-05,0.104,0.8,4
Why'd You Only Call Me When You're High?,spotify:track:086myS9r57YsLbJpU0TgK9,https://open.spotify.com/track/086myS9r57YsLbJpU0TgK9,['Arctic Monkeys'],AM,84,2.69,92.004,2,1,0.691,0.631,-6.478,0.0368,0.0483,1.13e-05,0.104,0.8,4
Why'd You Only Call Me When You're High?,spotify:track:086myS9r57YsLbJpU0TgK9,https://open.spotify.com/track/086myS9r57YsLbJpU0TgK9,['Arctic Monkeys'],AM,84,2.69,92.004,2,1,0.691,0.631,-6.478,0.0368,0.0483,1.13e-05,0.104,0.8,4
The Love Club,spotify:track:2HotTAoFiOYTeMZkNs1Ces,https://open.spotify.com/track/2HotTAoFiOYTeMZkNs1Ces,['Lorde'],The Love Club EP,70,3.36,92.032,0,1,0.799,0.501,-7.244,0.0465,0.211,0.0123,0.118,0.635,4
A Tear in Space (Airlock),spotify:track:6l6XVeeoTe3ggya4fLY8l8,https://open.spotify.com/track/6l6XVeeoTe3ggya4fLY8l8,['Glass Animals'],I Love You So F***ing Much,66,3.4,92.984,9,0,0.706,0.591,-7.383,0.0438,0.309,2.72e-05,0.0722,0.498,4
Blackbird - Remastered 2009,spotify:track:5jgFfDIR6FR0gvlA56Nakr,https://open.spotify.com/track/5jgFfDIR6FR0gvlA56Nakr,['The Beatles'],The Beatles (Remastered),76,2.31,93.699,7,1,0.686,0.127,-14.361,0.0342,0.754,1.41e-05,0.0573,0.372,4
Softcore,spotify:track:2K7xn816oNHJZ0aVqdQsha,https://open.spotify.com/track/2K7xn816oNHJZ0aVqdQsha,['The Neighbourhood'],Hard To Imagine The Neighbourhood Ever Changing,84,3.44,93.986,9,0,0.575,0.568,-5.509,0.03,0.0484,0.000417,0.286,0.37,4
Softcore,spotify:track:2K7xn816oNHJZ0aVqdQsha,https://open.spotify.com/track/2K7xn816oNHJZ0aVqdQsha,['The Neighbourhood'],Hard To Imagine The Neighbourhood Ever Changing,84,3.44,93.986,9,0,0.575,0.568,-5.509,0.03,0.0484,0.000417,0.286,0.37,4
Your Body Is a Wonderland,spotify:track:7vFv0yFGMJW3qVXbAd9BK9,https://open.spotify.com/track/7vFv0yFGMJW3qVXbAd9BK9,['John Mayer'],Room For Squares,71,4.16,94.01,5,1,0.647,0.729,-6.251,0.0236,0.0206,0.0489,0.134,0.687,4
Everybody's Changing,spotify:track:5hkdfA87RZvNaxl6XiveOA,https://open.spotify.com/track/5hkdfA87RZvNaxl6XiveOA,['Keane'],Hopes And Fears,64,3.59,94.02,0,1,0.517,0.832,-3.564,0.0292,0.0015,0.000208,0.101,0.45,4
golden hour,spotify:track:5odlY52u43F5BjByhxg7wg,https://open.spotify.com/track/5odlY52u43F5BjByhxg7wg,['JVKE'],this is what ____ feels like (Vol. 1-4),77,3.49,94.467,4,1,0.515,0.593,-4.801,0.0322,0.653,0.162,0.25,0.153,3
Emperor's New Clothes,spotify:track:3px2rAPu74ltbkf9eZsZ8h,https://open.spotify.com/track/3px2rAPu74ltbkf9eZsZ8h,['Panic! At The Disco'],Death of a Bachelor,66,2.64,94.481,1,1,0.562,0.904,-4.947,0.0807,0.00302,0.0,0.0433,0.651,4
Bed Chem,spotify:track:1UHS8Rf6h5Ar3CDWRd3wjF,https://open.spotify.com/track/1UHS8Rf6h5Ar3CDWRd3wjF,['Sabrina Carpenter'],Short n' Sweet,90,2.86,94.99,11,0,0.739,0.727,-5.968,0.0426,0.0678,0.0,0.104,0.676,4
"Head Over Heels - Dave Bascombe 7"" N.Mix",spotify:track:5lwQGZYF4BXOzFtXc5zk8q,https://open.spotify.com/track/5lwQGZYF4BXOzFtXc5zk8q,"['Tears For Fears', 'Dave Bascombe']",Songs From The Big Chair (Deluxe),69,4.29,95.007,7,1,0.623,0.739,-8.116,0.0244,0.338,1.88e-05,0.109,0.642,4
The Look,spotify:track:79LdvxXi5JYUjhnO7v9Fi3,https://open.spotify.com/track/79LdvxXi5JYUjhnO7v9Fi3,['Roxette'],Look Sharp!,59,3.96,95.011,2,1,0.634,0.838,-5.363,0.0413,0.0531,8.34e-06,0.0522,0.541,4
Perfect,spotify:track:0tgVpDi06FyKpA1z0VMD4v,https://open.spotify.com/track/0tgVpDi06FyKpA1z0VMD4v,['Ed Sheeran'],÷ (Deluxe),86,4.39,95.05,8,1,0.599,0.448,-6.312,0.0232,0.163,0.0,0.106,0.168,3
This Love,spotify:track:6ECp64rv50XVz93WvxXMGF,https://open.spotify.com/track/6ECp64rv50XVz93WvxXMGF,['Maroon 5'],Songs About Jane: 10th Anniversary Edition,82,3.44,95.051,5,0,0.712,0.862,-4.612,0.0378,0.0525,0.0,0.093,0.809,4
One Step Closer,spotify:track:3K4HG9evC7dg3N0R9cYqk4,https://open.spotify.com/track/3K4HG9evC7dg3N0R9cYqk4,['Linkin Park'],Hybrid Theory (Bonus Edition),82,2.62,95.136,9,1,0.492,0.969,-4.419,0.0491,0.0014,1.32e-06,0.0787,0.538,4
NIGHTS LIKE THESE,spotify:track:33vZRjxJScapmRShRJq8I0,https://open.spotify.com/track/33vZRjxJScapmRShRJq8I0,['Benson Boone'],Walk Me Home...,77,2.88,95.947,7,0,0.667,0.593,-6.016,0.0432,0.369,0.0,0.112,0.458,4
My Home,spotify:track:4ZEw5uS9RY6M6lEjsu7w8Q,https://open.spotify.com/track/4ZEw5uS9RY6M6lEjsu7w8Q,['Myles Smith'],My Home,73,3.44,95.968,11,1,0.753,0.485,-9.431,0.035,0.345,0.00104,0.192,0.547,4
Shape of You,spotify:track:7qiZfU4dY1lWllzX7mPBI3,https://open.spotify.com/track/7qiZfU4dY1lWllzX7mPBI3,['Ed Sheeran'],÷ (Deluxe),86,3.9,95.977,1,0,0.825,0.652,-3.183,0.0802,0.581,0.0,0.0931,0.931,4
Levitating,spotify:track:2rpop76oW4FQlZJHIZo7Cj,https://open.spotify.com/track/2rpop76oW4FQlZJHIZo7Cj,['RÜFÜS DU SOL'],Inhale / Exhale,67,4.06,96.014,4,0,0.635,0.736,-7.494,0.0365,0.0409,0.0101,0.154,0.594,4
Youth,spotify:track:1LPGwuFgIzbJoShfDdw7MY,https://open.spotify.com/track/1LPGwuFgIzbJoShfDdw7MY,['Glass Animals'],How To Be A Human Being,67,3.84,96.017,9,0,0.648,0.718,-7.765,0.0298,0.129,0.00156,0.112,0.785,4
Californication,spotify:track:48UPSzbZjgc449aqz8bxox,https://open.spotify.com/track/48UPSzbZjgc449aqz8bxox,['Red Hot Chili Peppers'],Californication (Deluxe Edition),81,5.5,96.483,9,0,0.592,0.767,-2.788,0.027,0.0021,0.00165,0.127,0.328,4
"Hey, Soul Sister",spotify:track:4HlFJV71xXKIGcU3kRyttv,https://open.spotify.com/track/4HlFJV71xXKIGcU3kRyttv,['Train'],"Save Me, San Francisco (Golden Gate Edition)",83,3.61,97.012,1,0,0.673,0.886,-4.44,0.0431,0.185,0.0,0.0826,0.795,4
When I Come Around,spotify:track:1Dr1fXbc2IxaK1Mu8P8Khz,https://open.spotify.com/track/1Dr1fXbc2IxaK1Mu8P8Khz,['Green Day'],Dookie,79,2.97,97.546,11,1,0.531,0.909,-4.236,0.034,0.0175,0.0,0.231,0.814,4
Shout,spotify:track:2gQaQUhDCNGfBVXTvxAmXQ,https://open.spotify.com/track/2gQaQUhDCNGfBVXTvxAmXQ,['Tears For Fears'],Songs From The Big Chair,71,6.56,97.909,0,1,0.511,0.942,-10.407,0.0429,0.174,1.87e-05,0.139,0.498,4
the boy is mine,spotify:track:0Lmbke3KNVFXtoH2mMSHCw,https://open.spotify.com/track/0Lmbke3KNVFXtoH2mMSHCw,['Ariana Grande'],eternal sunshine,82,2.89,97.998,7,0,0.795,0.63,-5.854,0.0434,0.157,0.0,0.0732,0.447,4
Lush Life,spotify:track:1rIKgCH4H52lrvDcz50hS8,https://open.spotify.com/track/1rIKgCH4H52lrvDcz50hS8,['Zara Larsson'],So Good,80,3.35,98.023,7,0,0.694,0.712,-3.923,0.046,0.132,0.0,0.211,0.799,4
I Got You,spotify:track:12jjuxN1gxlm29cqL5M6MW,https://open.spotify.com/track/12jjuxN1gxlm29cqL5M6MW,['Jack Johnson'],From Here To Now To You,65,2.99,98.067,11,1,0.899,0.399,-6.553,0.038,0.61,1.52e-05,0.0923,0.544,4
First Love/Late Spring,spotify:track:3sslYZcFKtUvIEWN9lADgr,https://open.spotify.com/track/3sslYZcFKtUvIEWN9lADgr,['Mitski'],Bury Me At Makeout Creek,76,4.64,99.963,0,1,0.445,0.543,-8.196,0.0272,0.000825,0.0137,0.202,0.102,4
Team,spotify:track:3G6hD9B2ZHOsgf4WfNu7X1,https://open.spotify.com/track/3G6hD9B2ZHOsgf4WfNu7X1,['Lorde'],Pure Heroine,74,3.22,99.984,6,1,0.691,0.578,-7.436,0.106,0.167,0.0,0.305,0.412,4
Saturday Sun,spotify:track:2RiBogNRfulkNf7fVbPOrJ,https://open.spotify.com/track/2RiBogNRfulkNf7fVbPOrJ,['Vance Joy'],Nation of Two,69,3.58,99.995,8,1,0.637,0.864,-4.381,0.0468,0.484,0.0,0.222,0.706,4
Alone,spotify:track:1FlKUh04wsO7Z2AFmzplCw,https://open.spotify.com/track/1FlKUh04wsO7Z2AFmzplCw,['The Cure'],Songs Of A Lost World,67,6.81,100.009,9,0,0.453,0.884,-5.051,0.0315,2.21e-05,0.325,0.334,0.14,4
Better Days,spotify:track:0B6hW0mGwtejHAWuJ0qMka,https://open.spotify.com/track/0B6hW0mGwtejHAWuJ0qMka,['Dermot Kennedy'],Sonder (2023),62,3.3,100.02,0,1,0.681,0.562,-7.115,0.0446,0.403,0.0,0.0835,0.332,4
Riptide,spotify:track:2uXlHCUbq9OMUwx3hrk06o,https://open.spotify.com/track/2uXlHCUbq9OMUwx3hrk06o,['Vance Joy'],Dream Your Life Away (Deluxe Edition),85,3.4,101.654,1,1,0.483,0.731,-6.696,0.0381,0.436,0.0,0.151,0.484,4
I Don't Care (with Justin Bieber),spotify:track:0hVXuCcriWRGvwMV1r5Yn9,https://open.spotify.com/track/0hVXuCcriWRGvwMV1r5Yn9,"['Ed Sheeran', 'Justin Bieber']",No.6 Collaborations Project,78,3.67,101.956,6,1,0.798,0.676,-5.041,0.0442,0.0902,0.0,0.0894,0.843,4
Francis Forever,spotify:track:5411TEB6tlzvuF5A4oyldr,https://open.spotify.com/track/5411TEB6tlzvuF5A4oyldr,['Mitski'],Bury Me At Makeout Creek,74,2.49,101.986,2,1,0.535,0.448,-9.167,0.0279,0.00262,1.94e-05,0.115,0.32,4
Joyride - Single Version,spotify:track:3Skwc4sh1QHUGcWrFBFWSF,https://open.spotify.com/track/3Skwc4sh1QHUGcWrFBFWSF,['Roxette'],Don't Bore Us - Get to the Chorus! Roxette's Greatest Hits,56,4.03,102.233,2,1,0.651,0.74,-6.244,0.0272,0.0862,0.0,0.142,0.615,4
Upside Down,spotify:track:0aJrYfARfCKzv6gXjhs4SZ,https://open.spotify.com/track/0aJrYfARfCKzv6gXjhs4SZ,['Jack Johnson'],Upside Down,74,3.49,102.477,4,1,0.792,0.647,-8.314,0.045,0.255,0.000223,0.132,0.694,4
Sparks,spotify:track:7D0RhFcb3CrfPuTJ0obrod,https://open.spotify.com/track/7D0RhFcb3CrfPuTJ0obrod,['Coldplay'],Parachutes,85,3.78,102.617,1,1,0.371,0.268,-10.506,0.0281,0.748,0.0517,0.104,0.165,3
Levitating (feat. DaBaby),spotify:track:5nujrmhLynf4yMoMtj8AQF,https://open.spotify.com/track/5nujrmhLynf4yMoMtj8AQF,"['Dua Lipa', 'DaBaby']",Future Nostalgia,79,3.38,102.977,6,0,0.702,0.825,-3.787,0.0601,0.00883,0.0,0.0674,0.915,4
Dancing With A Stranger (with Normani),spotify:track:3xgT3xIlFGqZjYW9QlhJWp,https://open.spotify.com/track/3xgT3xIlFGqZjYW9QlhJWp,"['Sam Smith', 'Normani']",Love Goes,75,2.85,102.998,8,1,0.741,0.52,-7.513,0.0656,0.447,1.97e-06,0.222,0.347,4
Know Your Worth,spotify:track:0TrPqhAMoaKUFLR7iYDokf,https://open.spotify.com/track/0TrPqhAMoaKUFLR7iYDokf,"['Khalid', 'Disclosure']",Know Your Worth,62,3.02,103.007,9,0,0.79,0.694,-7.726,0.0708,0.145,0.00252,0.281,0.508,4
Something Just Like This,spotify:track:6RUKPb4LETWmmr3iAEQktW,https://open.spotify.com/track/6RUKPb4LETWmmr3iAEQktW,"['The Chainsmokers', 'Coldplay']",Memories...Do Not Open,86,4.12,103.019,11,0,0.617,0.635,-6.769,0.0317,0.0498,1.44e-05,0.164,0.446,4
In My Life - Remastered 2009,spotify:track:3KfbEIOC7YIv90FIfNSZpo,https://open.spotify.com/track/3KfbEIOC7YIv90FIfNSZpo,['The Beatles'],Rubber Soul (Remastered),76,2.44,103.239,9,1,0.688,0.435,-11.359,0.0323,0.449,0.0,0.113,0.435,4
Erase / Rewind,spotify:track:3JfkNCiXjHEVkbFfCQ417E,https://open.spotify.com/track/3JfkNCiXjHEVkbFfCQ417E,['The Cardigans'],Gran Turismo (Remastered),63,3.64,103.64,11,0,0.743,0.697,-6.079,0.0276,0.000504,0.0127,0.106,0.585,4
Blame It on Me,spotify:track:2vzMWO0T008m86yDnXwkII,https://open.spotify.com/track/2vzMWO0T008m86yDnXwkII,['George Ezra'],Wanted on Voyage (Expanded Edition),71,3.27,103.882,3,1,0.537,0.757,-3.374,0.0274,0.473,0.0,0.341,0.421,4
This Charming Man - 2011 Remaster,spotify:track:1FvDJ9KGxcqwv1utyPL3JZ,https://open.spotify.com/track/1FvDJ9KGxcqwv1utyPL3JZ,['The Smiths'],The Smiths,77,2.72,103.912,11,1,0.611,0.846,-5.9,0.0436,0.00509,0.0,0.0784,0.751,4
This Charming Man - 2011 Remaster,spotify:track:1FvDJ9KGxcqwv1utyPL3JZ,https://open.spotify.com/track/1FvDJ9KGxcqwv1utyPL3JZ,['The Smiths'],The Smiths,77,2.72,103.912,11,1,0.611,0.846,-5.9,0.0436,0.00509,0.0,0.0784,0.751,4
Espresso,spotify:track:2HRqTpkrJO5ggZyyK6NPWz,https://open.spotify.com/track/2HRqTpkrJO5ggZyyK6NPWz,['Sabrina Carpenter'],Short n' Sweet,88,2.92,103.963,0,1,0.699,0.776,-5.282,0.0293,0.131,5.36e-06,0.205,0.708,4
Back to the Old House - 2011 Remaster,spotify:track:6LUGvXEAK8WxIBYK43uoTb,https://open.spotify.com/track/6LUGvXEAK8WxIBYK43uoTb,['The Smiths'],Louder Than Bombs,78,3.11,104.13,2,1,0.626,0.488,-7.805,0.0253,0.0102,0.000188,0.141,0.404,3
Back to the Old House - 2011 Remaster,spotify:track:6LUGvXEAK8WxIBYK43uoTb,https://open.spotify.com/track/6LUGvXEAK8WxIBYK43uoTb,['The Smiths'],Louder Than Bombs,78,3.11,104.13,2,1,0.626,0.488,-7.805,0.0253,0.0102,0.000188,0.141,0.404,3
Rolling in the Deep,spotify:track:1c8gk2PeTE04A1pIDH9YMk,https://open.spotify.com/track/1c8gk2PeTE04A1pIDH9YMk,['Adele'],21,77,3.8,104.948,8,1,0.73,0.769,-5.114,0.0298,0.138,0.0,0.0473,0.507,4
Not Allowed,spotify:track:3IznIgmXtrUaoPWpQTy5jB,https://open.spotify.com/track/3IznIgmXtrUaoPWpQTy5jB,['TV Girl'],Who Really Cares,84,2.8,104.965,1,1,0.67,0.905,-6.855,0.129,0.669,0.000227,0.349,0.563,4
Lovers Rock,spotify:track:6dBUzqjtbnIa1TwYbyw5CM,https://open.spotify.com/track/6dBUzqjtbnIa1TwYbyw5CM,['TV Girl'],French Exit,85,3.57,104.97,5,0,0.559,0.871,-5.338,0.0397,7.53e-06,0.00545,0.096,0.572,4
BIRDS OF A FEATHER,spotify:track:6dOtVTDdiauQNBQEDOtlAB,https://open.spotify.com/track/6dOtVTDdiauQNBQEDOtlAB,['Billie Eilish'],HIT ME HARD AND SOFT,97,3.51,104.978,2,1,0.747,0.507,-10.171,0.0358,0.2,0.0608,0.117,0.438,4
Precious,spotify:track:1cBxAm8a0fENn2ix3Dfm3u,https://open.spotify.com/track/1cBxAm8a0fENn2ix3Dfm3u,['Depeche Mode'],Playing the Angel (Deluxe),65,4.17,104.987,1,1,0.568,0.883,-4.575,0.0271,0.0973,0.0476,0.104,0.861,4
"Sitting, Waiting, Wishing",spotify:track:5eWOsyHHic4vJP3LjTVhqv,https://open.spotify.com/track/5eWOsyHHic4vJP3LjTVhqv,['Jack Johnson'],In Between Dreams,63,3.06,105.019,0,1,0.765,0.535,-7.229,0.0265,0.22,2.55e-05,0.104,0.548,4
Beautiful Things,spotify:track:3xkHsmpQCBMytMJNiDf3Ii,https://open.spotify.com/track/3xkHsmpQCBMytMJNiDf3Ii,['Benson Boone'],Fireworks & Rollerblades,89,3.01,105.029,10,1,0.472,0.471,-5.692,0.0603,0.151,0.0,0.14,0.219,3
In the End,spotify:track:60a0Rd6pjrkxjPbaKzXjfq,https://open.spotify.com/track/60a0Rd6pjrkxjPbaKzXjfq,['Linkin Park'],Hybrid Theory (Bonus Edition),87,3.61,105.143,3,0,0.556,0.864,-5.87,0.0584,0.00958,0.0,0.209,0.4,4
Shape of Love,spotify:track:6eQYZ57P28uc8caJagxYcZ,https://open.spotify.com/track/6eQYZ57P28uc8caJagxYcZ,"['Passenger', 'Boy & Bear']",Flight of the Crow,50,3.14,105.529,1,0,0.625,0.736,-8.658,0.0325,0.118,0.0,0.167,0.909,4
Washing Machine Heart,spotify:track:3jjsRKEsF42ccXf8kWR3nu,https://open.spotify.com/track/3jjsRKEsF42ccXf8kWR3nu,['Mitski'],Be the Cowboy,81,2.14,105.997,9,1,0.613,0.822,-4.087,0.026,0.0092,0.506,0.429,0.567,4
Please Please Please,spotify:track:2tHwzyyOLoWSFqYNjeVMzj,https://open.spotify.com/track/2tHwzyyOLoWSFqYNjeVMzj,['Sabrina Carpenter'],Short n' Sweet,87,3.11,107.015,9,1,0.675,0.586,-6.086,0.0531,0.257,0.0,0.104,0.621,4
Take A Chance On Me,spotify:track:5BckPAYcKEJuYs1eV1BHHe,https://open.spotify.com/track/5BckPAYcKEJuYs1eV1BHHe,['ABBA'],The Album,74,4.07,107.064,11,1,0.684,0.675,-8.123,0.0257,0.163,0.0,0.242,0.924,4
Shake It Out,spotify:track:4lY95OMGb9WxP6IYut64ir,https://open.spotify.com/track/4lY95OMGb9WxP6IYut64ir,['Florence + The Machine'],Ceremonials (Deluxe Edition),62,4.63,107.48,10,1,0.528,0.804,-4.168,0.0358,0.0104,0.0,0.105,0.222,4
Last Christmas - Single Version,spotify:track:06qMRF18gwbOYYbnP2du6i,https://open.spotify.com/track/06qMRF18gwbOYYbnP2du6i,['Wham!'],The Singles: Echoes from the Edge of Heaven,71,4.43,107.732,2,1,0.733,0.598,-8.228,0.0278,0.212,3.71e-06,0.156,0.935,4
Set Fire to the Rain,spotify:track:73CMRj62VK8nUS4ezD2wvi,https://open.spotify.com/track/73CMRj62VK8nUS4ezD2wvi,['Adele'],21,77,4.05,107.993,2,0,0.603,0.67,-3.882,0.0249,0.00408,1.68e-06,0.112,0.446,4
Mess Is Mine,spotify:track:6IJXxWAHTVORSyl7lT5pkY,https://open.spotify.com/track/6IJXxWAHTVORSyl7lT5pkY,['Vance Joy'],Dream Your Life Away (Deluxe Edition),74,3.73,108.042,7,1,0.596,0.724,-8.256,0.0351,0.0477,0.0287,0.0995,0.27,1
Running Up That Hill (A Deal With God),spotify:track:1PtQJZVZIdWIYdARpZRDFO,https://open.spotify.com/track/1PtQJZVZIdWIYdARpZRDFO,['Kate Bush'],Hounds Of Love,79,4.98,108.376,10,0,0.629,0.545,-13.123,0.0546,0.719,0.00308,0.0604,0.194,4
Babooshka - 2018 Remaster,spotify:track:4DkKgGqqfx8C79RFo8ZuTl,https://open.spotify.com/track/4DkKgGqqfx8C79RFo8ZuTl,['Kate Bush'],Never for Ever (2018 Remaster),55,3.32,108.778,5,0,0.487,0.362,-12.041,0.0382,0.759,1.63e-05,0.0673,0.292,4
House of Memories,spotify:track:2DgdHcjWmO3qd50RzuBLgZ,https://open.spotify.com/track/2DgdHcjWmO3qd50RzuBLgZ,['Panic! At The Disco'],Death of a Bachelor,77,3.48,109.952,11,0,0.506,0.817,-5.051,0.0335,0.00272,0.0,0.0486,0.506,4
Another One Bites The Dust - Remastered 2011,spotify:track:57JVGBtBLCfHw2muk5416J,https://open.spotify.com/track/57JVGBtBLCfHw2muk5416J,['Queen'],The Game (Deluxe Remastered Version),71,3.58,109.975,5,0,0.932,0.528,-6.472,0.161,0.115,0.329,0.163,0.757,4
You've Got The Love,spotify:track:6u9RqxALwkjJ1ukB1y8vuP,https://open.spotify.com/track/6u9RqxALwkjJ1ukB1y8vuP,['Florence + The Machine'],Lungs (Deluxe Edition),63,2.81,109.999,6,1,0.574,0.704,-4.72,0.0319,0.00455,0.0,0.107,0.368,4
CHIHIRO,spotify:track:7BRD7x5pt8Lqa1eGYC4dzj,https://open.spotify.com/track/7BRD7x5pt8Lqa1eGYC4dzj,['Billie Eilish'],HIT ME HARD AND SOFT,88,5.06,110.015,7,1,0.7,0.425,-12.531,0.0529,0.144,0.879,0.083,0.521,4
Habits (Stay High),spotify:track:14OxJlLdcHNpgsm4DRwDOB,https://open.spotify.com/track/14OxJlLdcHNpgsm4DRwDOB,['Tove Lo'],Queen Of The Clouds,72,3.49,110.02,5,1,0.729,0.65,-3.539,0.0313,0.0702,6.69e-05,0.0829,0.347,4
Dance The Night - From Barbie The Album,spotify:track:1vYXt7VSjH9JIM5oRRo7vA,https://open.spotify.com/track/1vYXt7VSjH9JIM5oRRo7vA,['Dua Lipa'],Dance The Night (From Barbie The Album),80,2.94,110.056,11,0,0.671,0.845,-4.93,0.048,0.0207,0.0,0.329,0.775,4
Better Together,spotify:track:4VywXu6umkIQ2OS0m1I79y,https://open.spotify.com/track/4VywXu6umkIQ2OS0m1I79y,['Jack Johnson'],In Between Dreams,69,3.46,110.059,5,1,0.868,0.347,-9.529,0.0536,0.308,2e-05,0.11,0.659,4
Carnival,spotify:track:5TbDM1PBTyODDCTGEoDCxL,https://open.spotify.com/track/5TbDM1PBTyODDCTGEoDCxL,['The Cardigans'],Life (Remastered),55,3.61,110.571,2,1,0.515,0.748,-5.855,0.031,0.0625,3.8e-06,0.384,0.394,4
Hot In The City,spotify:track:5LeDMHIZ5YDZ2b1VOcYVcG,https://open.spotify.com/track/5LeDMHIZ5YDZ2b1VOcYVcG,['Billy Idol'],Billy Idol,55,3.65,111.196,5,1,0.66,0.897,-5.558,0.0257,0.00316,2.25e-05,0.116,0.67,4
Lovefool,spotify:track:7aQjPecQdIuNd1sz3KCDhD,https://open.spotify.com/track/7aQjPecQdIuNd1sz3KCDhD,['The Cardigans'],First Band On The Moon (Remastered),79,3.23,111.845,9,1,0.704,0.636,-6.029,0.0252,0.0344,0.0,0.35,0.89,4
Everybody Wants To Rule The World,spotify:track:4RvWPyQ5RL0ao9LPZeSouE,https://open.spotify.com/track/4RvWPyQ5RL0ao9LPZeSouE,['Tears For Fears'],Songs From The Big Chair (Super Deluxe Edition),85,4.19,112.067,7,1,0.645,0.795,-12.095,0.0527,0.347,0.00389,0.104,0.535,4
Dial Drunk (with Post Malone),spotify:track:22VHOlVYBqytsrAqV8yXBK,https://open.spotify.com/track/22VHOlVYBqytsrAqV8yXBK,"['Noah Kahan', 'Post Malone']",Dial Drunk (with Post Malone),79,3.56,112.108,8,1,0.669,0.606,-7.193,0.0292,0.124,0.0,0.112,0.69,4
Dial Drunk (with Post Malone),spotify:track:22VHOlVYBqytsrAqV8yXBK,https://open.spotify.com/track/22VHOlVYBqytsrAqV8yXBK,"['Noah Kahan', 'Post Malone']",Dial Drunk (with Post Malone),79,3.56,112.108,8,1,0.669,0.606,-7.193,0.0292,0.124,0.0,0.112,0.69,4
Enjoy the Silence,spotify:track:0yp3TvJNlG50Q4tAHWNCRm,https://open.spotify.com/track/0yp3TvJNlG50Q4tAHWNCRm,['Depeche Mode'],"Violator | The 12"" Singles",74,4.29,112.776,0,0,0.626,0.667,-11.817,0.0283,0.209,0.000257,0.0779,0.83,4
Cloudbusting,spotify:track:373vZ0g1dpWaUcrbh0WKhd,https://open.spotify.com/track/373vZ0g1dpWaUcrbh0WKhd,['Kate Bush'],Hounds Of Love,59,5.17,112.806,1,0,0.681,0.248,-17.465,0.0328,0.696,8.88e-06,0.0839,0.812,4
Taste,spotify:track:5G2f63n7IPVPPjfNIGih7Q,https://open.spotify.com/track/5G2f63n7IPVPPjfNIGih7Q,['Sabrina Carpenter'],Short n' Sweet,94,2.62,112.964,3,1,0.674,0.907,-4.086,0.064,0.101,0.0,0.297,0.721,4
Green Green Grass,spotify:track:4N5s8lPTsjI9EGP7K4SXzB,https://open.spotify.com/track/4N5s8lPTsjI9EGP7K4SXzB,['George Ezra'],Gold Rush Kid,70,2.79,112.972,8,1,0.685,0.738,-4.413,0.0595,0.0695,0.0,0.128,0.8,4
Enjoy the Silence,spotify:track:1JekRMGQ8iN4G1AAdh0SBa,https://open.spotify.com/track/1JekRMGQ8iN4G1AAdh0SBa,['Depeche Mode'],Violator (Deluxe),65,6.21,113.002,0,0,0.382,0.593,-11.964,0.0323,0.355,0.0174,0.123,0.223,4
Cigarettes out the Window,spotify:track:6QeYSvYqYUsfBzsApbjDHO,https://open.spotify.com/track/6QeYSvYqYUsfBzsApbjDHO,['TV Girl'],Who Really Cares,84,3.32,113.551,0,1,0.625,0.659,-5.669,0.0337,0.12,0.0,0.17,0.594,4
Dumb,spotify:track:5gRcv46AMTrosmTOqrOV3Q,https://open.spotify.com/track/5gRcv46AMTrosmTOqrOV3Q,['Nirvana'],In Utero,74,2.53,113.589,6,1,0.697,0.395,-13.58,0.0281,0.428,0.653,0.173,0.876,4
Under Pressure - Remastered 2011,spotify:track:11IzgLRXV7Cgek3tEgGgjw,https://open.spotify.com/track/11IzgLRXV7Cgek3tEgGgjw,"['Queen', 'David Bowie']",Hot Space (Deluxe Remastered Version),69,4.14,113.809,2,1,0.671,0.711,-7.813,0.0478,0.422,0.0,0.104,0.466,4
My Love Mine All Mine,spotify:track:3vkCueOmm7xQDoJ17W1Pm3,https://open.spotify.com/track/3vkCueOmm7xQDoJ17W1Pm3,['Mitski'],The Land Is Inhospitable and So Are We,88,2.3,113.95,9,1,0.504,0.308,-14.958,0.0321,0.868,0.135,0.158,0.121,4
Reflections,spotify:track:2xql0pid3EUwW38AsywxhV,https://open.spotify.com/track/2xql0pid3EUwW38AsywxhV,['The Neighbourhood'],Hard To Imagine The Neighbourhood Ever Changing,83,4.07,113.983,11,0,0.648,0.594,-7.027,0.0293,0.114,0.0462,0.116,0.544,4
Reflections,spotify:track:2xql0pid3EUwW38AsywxhV,https://open.spotify.com/track/2xql0pid3EUwW38AsywxhV,['The Neighbourhood'],Hard To Imagine The Neighbourhood Ever Changing,83,4.07,113.983,11,0,0.648,0.594,-7.027,0.0293,0.114,0.0462,0.116,0.544,4
Heaven Knows I'm Miserable Now - 2011 Remaster,spotify:track:1xaTREM89RbIxkcjlpf4Uw,https://open.spotify.com/track/1xaTREM89RbIxkcjlpf4Uw,['The Smiths'],Hatful of Hollow,76,3.6,114.045,6,1,0.609,0.759,-4.862,0.0276,0.028,0.0,0.183,0.774,4
Heaven Knows I'm Miserable Now - 2011 Remaster,spotify:track:1xaTREM89RbIxkcjlpf4Uw,https://open.spotify.com/track/1xaTREM89RbIxkcjlpf4Uw,['The Smiths'],Hatful of Hollow,76,3.6,114.045,6,1,0.609,0.759,-4.862,0.0276,0.028,0.0,0.183,0.774,4
Bones,spotify:track:54ipXppHLA8U4yqpOFTUhr,https://open.spotify.com/track/54ipXppHLA8U4yqpOFTUhr,['Imagine Dragons'],Mercury - Acts 1 & 2,81,2.75,114.061,5,0,0.772,0.75,-3.67,0.0455,0.0201,0.0,0.074,0.587,4
Bones,spotify:track:54ipXppHLA8U4yqpOFTUhr,https://open.spotify.com/track/54ipXppHLA8U4yqpOFTUhr,['Imagine Dragons'],Mercury - Acts 1 & 2,81,2.75,114.061,5,0,0.772,0.75,-3.67,0.0455,0.0201,0.0,0.074,0.587,4
Banana Pancakes,spotify:track:451GvHwY99NKV4zdKPRWmv,https://open.spotify.com/track/451GvHwY99NKV4zdKPRWmv,['Jack Johnson'],In Between Dreams,68,3.2,114.303,7,1,0.816,0.375,-8.053,0.0996,0.607,8.66e-06,0.0933,0.615,4
Stubborn Love,spotify:track:4wG82w1L31yQhgGiWt6gIb,https://open.spotify.com/track/4wG82w1L31yQhgGiWt6gIb,['The Lumineers'],The Lumineers,74,4.65,115.011,0,1,0.598,0.561,-11.676,0.0376,0.611,0.0417,0.196,0.231,4
Stubborn Love,spotify:track:4wG82w1L31yQhgGiWt6gIb,https://open.spotify.com/track/4wG82w1L31yQhgGiWt6gIb,['The Lumineers'],The Lumineers,74,4.65,115.011,0,1,0.598,0.561,-11.676,0.0376,0.611,0.0417,0.196,0.231,4
No. 1 Party Anthem,spotify:track:5TTGoX70AFrTvuEtqHK37S,https://open.spotify.com/track/5TTGoX70AFrTvuEtqHK37S,['Arctic Monkeys'],AM,82,4.05,115.013,0,1,0.505,0.698,-5.563,0.0297,0.33,0.0887,0.0966,0.599,4
No. 1 Party Anthem,spotify:track:5TTGoX70AFrTvuEtqHK37S,https://open.spotify.com/track/5TTGoX70AFrTvuEtqHK37S,['Arctic Monkeys'],AM,82,4.05,115.013,0,1,0.505,0.698,-5.563,0.0297,0.33,0.0887,0.0966,0.599,4
No. 1 Party Anthem,spotify:track:5TTGoX70AFrTvuEtqHK37S,https://open.spotify.com/track/5TTGoX70AFrTvuEtqHK37S,['Arctic Monkeys'],AM,82,4.05,115.013,0,1,0.505,0.698,-5.563,0.0297,0.33,0.0887,0.0966,0.599,4
Troubled Waters,spotify:track:3AeqFxtLidWu1awXIErzcO,https://open.spotify.com/track/3AeqFxtLidWu1awXIErzcO,['Alex Warren'],"You'll Be Alright, Kid (Chapter 1)",66,3.3,115.03,11,0,0.669,0.705,-4.131,0.0674,0.0232,0.0,0.104,0.526,4
Fire and the Flood,spotify:track:7ewI4ZKxRXrkESHB8eGBnO,https://open.spotify.com/track/7ewI4ZKxRXrkESHB8eGBnO,['Vance Joy'],Dream Your Life Away (Deluxe Edition),65,4.16,115.036,5,1,0.596,0.826,-4.402,0.0371,0.0242,0.0,0.0957,0.328,4
Everything She Wants,spotify:track:5hXEcqQhEjfZdbIZLO8mf2,https://open.spotify.com/track/5hXEcqQhEjfZdbIZLO8mf2,['Wham!'],Make It Big,65,5.04,115.09,6,0,0.899,0.459,-15.557,0.0366,0.322,0.00406,0.165,0.962,4
Nice To Meet You,spotify:track:726SEjbF3ToEbYbn43gnxl,https://open.spotify.com/track/726SEjbF3ToEbYbn43gnxl,['Myles Smith'],A Minute...,76,2.93,115.091,5,0,0.762,0.783,-5.206,0.0387,0.329,0.0,0.0536,0.84,4
lovely (with Khalid),spotify:track:0u2P5u6lvoDfwTYjAADbn4,https://open.spotify.com/track/0u2P5u6lvoDfwTYjAADbn4,"['Billie Eilish', 'Khalid']",lovely (with Khalid),86,3.34,115.284,4,0,0.351,0.296,-10.109,0.0333,0.934,0.0,0.095,0.12,4
Shotgun,spotify:track:4ofwffwvvnbSkrMSCKQDaC,https://open.spotify.com/track/4ofwffwvvnbSkrMSCKQDaC,['George Ezra'],Staying at Tamara's,77,3.35,115.744,5,1,0.673,0.735,-4.733,0.0457,0.286,0.0,0.242,0.754,4
we can't be friends (wait for your love),spotify:track:51ZQ1vr10ffzbwIjDCwqm4,https://open.spotify.com/track/51ZQ1vr10ffzbwIjDCwqm4,['Ariana Grande'],eternal sunshine,86,3.81,115.842,5,1,0.645,0.646,-8.334,0.0427,0.0615,3.04e-05,0.074,0.295,4
All My Love,spotify:track:7ByxizhA4GgEf7Sxomxhze,https://open.spotify.com/track/7ByxizhA4GgEf7Sxomxhze,['Noah Kahan'],Stick Season,78,4.19,116.002,2,1,0.666,0.665,-7.181,0.0534,0.309,0.0,0.0961,0.474,4
All My Love,spotify:track:7ByxizhA4GgEf7Sxomxhze,https://open.spotify.com/track/7ByxizhA4GgEf7Sxomxhze,['Noah Kahan'],Stick Season,78,4.19,116.002,2,1,0.666,0.665,-7.181,0.0534,0.309,0.0,0.0961,0.474,4
Over My Head (Cable Car),spotify:track:1N62wozuHCvczCkY4QidpP,https://open.spotify.com/track/1N62wozuHCvczCkY4QidpP,['The Fray'],How To Save A Life,70,3.94,116.03,8,1,0.592,0.729,-4.156,0.0448,0.022,0.0,0.0653,0.709,4
Smells Like Teen Spirit,spotify:track:5ghIJDpPoe3CfHMGu71E6T,https://open.spotify.com/track/5ghIJDpPoe3CfHMGu71E6T,['Nirvana'],Nevermind (Remastered),76,5.03,116.761,1,1,0.502,0.912,-4.556,0.0564,2.55e-05,0.000173,0.106,0.72,4
Houdini,spotify:track:6D8y7Bck8h11byRY88Pt2z,https://open.spotify.com/track/6D8y7Bck8h11byRY88Pt2z,['Dua Lipa'],Radical Optimism,82,3.1,116.985,9,0,0.744,0.789,-4.876,0.059,0.0036,0.00144,0.0947,0.866,4
Run,spotify:track:6KL88T4Ma4ABXqzgUoEwkd,https://open.spotify.com/track/6KL88T4Ma4ABXqzgUoEwkd,['OneRepublic'],Human (Deluxe),73,2.8,116.988,11,0,0.682,0.72,-8.176,0.0382,0.321,0.0,0.205,0.649,4
Too Sweet,spotify:track:76JKIsdKrAfWUMjaA0u7v5,https://open.spotify.com/track/76JKIsdKrAfWUMjaA0u7v5,['Hozier'],Unreal Unearth: Unaired,78,4.19,117.038,10,1,0.741,0.62,-5.505,0.0412,0.0295,0.000809,0.0398,0.934,4
Too Sweet,spotify:track:76JKIsdKrAfWUMjaA0u7v5,https://open.spotify.com/track/76JKIsdKrAfWUMjaA0u7v5,['Hozier'],Unreal Unearth: Unaired,78,4.19,117.038,10,1,0.741,0.62,-5.505,0.0412,0.0295,0.000809,0.0398,0.934,4
Club Tropicana,spotify:track:6tASfEUyB7lE2r6DLzURji,https://open.spotify.com/track/6tASfEUyB7lE2r6DLzURji,['Wham!'],Fantastic,61,4.43,117.283,11,1,0.658,0.714,-9.247,0.0519,0.0294,5.7e-05,0.651,0.806,4
Stick Season,spotify:track:0mflMxspEfB0VbI1kyLiAv,https://open.spotify.com/track/0mflMxspEfB0VbI1kyLiAv,['Noah Kahan'],Stick Season,87,3.04,117.896,9,1,0.664,0.5,-6.935,0.0651,0.799,0.0,0.0966,0.801,4
Stick Season,spotify:track:0mflMxspEfB0VbI1kyLiAv,https://open.spotify.com/track/0mflMxspEfB0VbI1kyLiAv,['Noah Kahan'],Stick Season,87,3.04,117.896,9,1,0.664,0.5,-6.935,0.0651,0.799,0.0,0.0966,0.801,4
Mad World,spotify:track:0Qv7xi6uPSqH2k82tOkGSt,https://open.spotify.com/track/0Qv7xi6uPSqH2k82tOkGSt,['Tears For Fears'],The Hurting,67,3.59,118.724,4,1,0.628,0.907,-6.047,0.0412,0.0471,0.0579,0.0635,0.954,4
Gimme! Gimme! Gimme! (A Man After Midnight),spotify:track:3vkQ5DAB1qQMYO4Mr9zJN6,https://open.spotify.com/track/3vkQ5DAB1qQMYO4Mr9zJN6,['ABBA'],Voulez-Vous,79,4.88,119.528,10,1,0.749,0.491,-9.655,0.0403,0.02,0.00899,0.159,0.536,4
Alive,spotify:track:5WBnKCEsPwsvWHUZmLjS3s,https://open.spotify.com/track/5WBnKCEsPwsvWHUZmLjS3s,['Empire Of The Sun'],Ice On The Dune,61,3.41,119.953,5,1,0.524,0.885,-3.079,0.037,0.101,0.0,0.0708,0.396,4
Timeless (with Playboi Carti),spotify:track:1Es7AUAhQvapIcoh3qMKDL,https://open.spotify.com/track/1Es7AUAhQvapIcoh3qMKDL,"['The Weeknd', 'Playboi Carti']",Timeless,92,4.27,119.973,11,0,0.769,0.722,-5.485,0.0507,0.0584,2.56e-06,0.111,0.57,4
Headlock,spotify:track:7vTENp2sLS3sPY5z4npYNr,https://open.spotify.com/track/7vTENp2sLS3sPY5z4npYNr,['Imogen Heap'],Speak for Yourself,77,3.59,119.974,7,0,0.805,0.371,-10.721,0.0352,0.8,0.0,0.12,0.808,4
I Lived,spotify:track:3IQF4xCQUPicbA4hWfTxPo,https://open.spotify.com/track/3IQF4xCQUPicbA4hWfTxPo,['OneRepublic'],Native,72,3.91,119.984,9,1,0.593,0.85,-5.456,0.0447,0.0678,0.0,0.271,0.344,4
Talking Body,spotify:track:2tpfxAXiI52znho4WE3XFA,https://open.spotify.com/track/2tpfxAXiI52znho4WE3XFA,['Tove Lo'],Queen Of The Clouds,65,3.97,119.999,4,0,0.736,0.761,-5.449,0.0338,0.0966,0.0,0.0823,0.114,4
Maps,spotify:track:4gbVRS8gloEluzf0GzDOFc,https://open.spotify.com/track/4gbVRS8gloEluzf0GzDOFc,['Maroon 5'],V,82,3.17,120.032,1,0,0.742,0.713,-5.522,0.0303,0.0205,0.0,0.059,0.879,4
Before You Leave Me,spotify:track:2XxpxQ1PeQhPMVikjKnmJy,https://open.spotify.com/track/2XxpxQ1PeQhPMVikjKnmJy,['Alex Warren'],"You'll Be Alright, Kid (Chapter 1)",71,2.94,120.035,4,1,0.702,0.84,-5.382,0.0657,0.151,0.0,0.081,0.639,4
Good Grief,spotify:track:1oxOiOjsi7plNOZEhoPLPj,https://open.spotify.com/track/1oxOiOjsi7plNOZEhoPLPj,['Bastille'],Wild World (Complete Edition),58,3.44,120.041,1,1,0.731,0.758,-4.888,0.065,0.143,0.0,0.311,0.88,4
360,spotify:track:4w2GLmK2wnioVnb5CPQeex,https://open.spotify.com/track/4w2GLmK2wnioVnb5CPQeex,['Charli xcx'],BRAT,81,2.23,120.042,0,1,0.857,0.62,-8.13,0.0472,0.646,0.244,0.0934,0.796,4
360,spotify:track:4w2GLmK2wnioVnb5CPQeex,https://open.spotify.com/track/4w2GLmK2wnioVnb5CPQeex,['Charli xcx'],BRAT,81,2.23,120.042,0,1,0.857,0.62,-8.13,0.0472,0.646,0.244,0.0934,0.796,4
On My Knees,spotify:track:2ouFrmMwYik8nQX2n9SeZu,https://open.spotify.com/track/2ouFrmMwYik8nQX2n9SeZu,['RÜFÜS DU SOL'],Surrender,68,4.35,120.044,1,1,0.683,0.571,-7.721,0.0286,0.0335,0.0616,0.0957,0.29,4
Don't Say Goodbye (feat. Tove Lo),spotify:track:0GTPmh5G40joBg93vcSQNq,https://open.spotify.com/track/0GTPmh5G40joBg93vcSQNq,"['Alok', 'Ilkay Sencan', 'Tove Lo']",Don't Say Goodbye (feat. Tove Lo),64,3.11,120.062,0,0,0.698,0.719,-4.923,0.0455,0.00829,4.01e-06,0.326,0.364,4
Sugar,spotify:track:2iuZJX9X9P0GKaE93xcPjk,https://open.spotify.com/track/2iuZJX9X9P0GKaE93xcPjk,['Maroon 5'],V,78,3.92,120.076,1,1,0.748,0.788,-7.055,0.0334,0.0591,0.0,0.0863,0.884,4
Kiss Me,spotify:track:1ELMCVbADOtZj8tYdS01nI,https://open.spotify.com/track/1ELMCVbADOtZj8tYdS01nI,['Dermot Kennedy'],Sonder (2023),67,3.82,120.082,0,0,0.645,0.843,-2.21,0.0347,0.00106,0.0,0.065,0.466,4
What I've Done,spotify:track:18lR4BzEs7e3qzc0KVkTpU,https://open.spotify.com/track/18lR4BzEs7e3qzc0KVkTpU,['Linkin Park'],Minutes to Midnight,80,3.42,120.092,5,1,0.627,0.935,-4.882,0.0324,0.0092,0.0,0.147,0.287,4
Tear in My Heart,spotify:track:3bnVBN67NBEzedqQuWrpP4,https://open.spotify.com/track/3bnVBN67NBEzedqQuWrpP4,['Twenty One Pilots'],Blurryface,73,3.14,120.113,2,1,0.655,0.632,-4.802,0.0489,0.0189,0.0,0.0722,0.447,4
Tear in My Heart,spotify:track:3bnVBN67NBEzedqQuWrpP4,https://open.spotify.com/track/3bnVBN67NBEzedqQuWrpP4,['Twenty One Pilots'],Blurryface,73,3.14,120.113,2,1,0.655,0.632,-4.802,0.0489,0.0189,0.0,0.0722,0.447,4
Come As You Are,spotify:track:4P5KoWXOxwuobLmHXLMobV,https://open.spotify.com/track/4P5KoWXOxwuobLmHXLMobV,['Nirvana'],Nevermind (Remastered),76,3.65,120.125,4,0,0.5,0.824,-5.846,0.0388,0.00016,0.00161,0.0916,0.539,4
How Do You Do!,spotify:track:4uaOAGGlLbUeQy6NPzmRNe,https://open.spotify.com/track/4uaOAGGlLbUeQy6NPzmRNe,['Roxette'],Tourism 30th Anniversary Edition,64,3.15,120.851,0,1,0.619,0.72,-6.584,0.0275,0.0194,1.66e-06,0.218,0.853,4
Work Song,spotify:track:5TgEJ62DOzBpGxZ7WRsrqb,https://open.spotify.com/track/5TgEJ62DOzBpGxZ7WRsrqb,['Hozier'],Hozier (Expanded Edition),77,3.83,121.412,10,1,0.531,0.363,-7.672,0.0608,0.749,0.0,0.112,0.259,4
Work Song,spotify:track:5TgEJ62DOzBpGxZ7WRsrqb,https://open.spotify.com/track/5TgEJ62DOzBpGxZ7WRsrqb,['Hozier'],Hozier (Expanded Edition),77,3.83,121.412,10,1,0.531,0.363,-7.672,0.0608,0.749,0.0,0.112,0.259,4
Hold My Girl,spotify:track:42bbDWZ8WmXTH7PkYAlGLu,https://open.spotify.com/track/42bbDWZ8WmXTH7PkYAlGLu,['George Ezra'],Staying at Tamara's,68,3.53,121.941,10,1,0.614,0.527,-6.374,0.0302,0.597,0.0,0.11,0.354,4
Latch,spotify:track:51ODNNDZm21HU7wI7cccRr,https://open.spotify.com/track/51ODNNDZm21HU7wI7cccRr,"['Disclosure', 'Sam Smith']",Settle (Special Edition),78,4.26,121.981,1,1,0.503,0.726,-5.456,0.167,0.0159,7.98e-05,0.0895,0.529,4
Latch,spotify:track:51ODNNDZm21HU7wI7cccRr,https://open.spotify.com/track/51ODNNDZm21HU7wI7cccRr,"['Disclosure', 'Sam Smith']",Settle (Special Edition),78,4.26,121.981,1,1,0.503,0.726,-5.456,0.167,0.0159,7.98e-05,0.0895,0.529,4
You Were Right,spotify:track:5HGxLtYxTriF7mMiriSpaz,https://open.spotify.com/track/5HGxLtYxTriF7mMiriSpaz,['RÜFÜS DU SOL'],Bloom,72,3.99,122.006,5,0,0.708,0.793,-5.426,0.0342,0.0136,0.00221,0.118,0.734,4
You & Me - Rivo Remix,spotify:track:0xoYZ45fgTfyQYREZPN7Sa,https://open.spotify.com/track/0xoYZ45fgTfyQYREZPN7Sa,"['Disclosure', 'Eliza Doolittle', 'Rivo']",You & Me (Rivo Remix),79,3.48,122.011,10,0,0.702,0.797,-6.635,0.0557,0.583,0.495,0.179,0.0356,4
Innerbloom,spotify:track:6CGMZijOAZvTXG21T8t6R0,https://open.spotify.com/track/6CGMZijOAZvTXG21T8t6R0,['RÜFÜS DU SOL'],Bloom,72,9.63,122.011,3,1,0.729,0.72,-6.692,0.037,0.126,0.347,0.178,0.0389,4
Drive By,spotify:track:0KAiuUOrLTIkzkpfpn9jb9,https://open.spotify.com/track/0KAiuUOrLTIkzkpfpn9jb9,['Train'],California 37,79,3.27,122.028,1,0,0.765,0.837,-3.113,0.032,0.00107,1.06e-05,0.0801,0.721,4
How to Save a Life,spotify:track:5fVZC9GiM4e8vu99W0Xf6J,https://open.spotify.com/track/5fVZC9GiM4e8vu99W0Xf6J,['The Fray'],How To Save A Life,80,4.38,122.035,10,1,0.64,0.743,-4.08,0.0379,0.269,0.0,0.101,0.361,4
Carry You Home (feat. Ella Henderson),spotify:track:2yCte16wVT6slIJ2Tqm9ML,https://open.spotify.com/track/2yCte16wVT6slIJ2Tqm9ML,"['Alex Warren', 'Ella Henderson']",Carry You Home (feat. Ella Henderson),67,2.78,122.843,10,1,0.445,0.694,-6.135,0.118,0.502,0.0,0.152,0.345,5
Solo,spotify:track:4Skkx52Dh8yo4G1ijAEGs3,https://open.spotify.com/track/4Skkx52Dh8yo4G1ijAEGs3,['Myles Smith'],Solo,73,3.33,122.877,0,1,0.586,0.439,-7.993,0.0346,0.715,0.0,0.117,0.365,4
We Are The People,spotify:track:0rhoLQVFCojDGFyl0nsdVZ,https://open.spotify.com/track/0rhoLQVFCojDGFyl0nsdVZ,['Empire Of The Sun'],Walking On A Dream,61,4.46,122.973,4,0,0.666,0.785,-5.37,0.0308,0.0974,0.0197,0.436,0.55,4
On My Love,spotify:track:6WrwKvip8DCxbcs4LXsYwT,https://open.spotify.com/track/6WrwKvip8DCxbcs4LXsYwT,"['Zara Larsson', 'David Guetta']",VENUS,62,3.74,123.031,10,0,0.495,0.69,-4.99,0.0444,0.0749,0.00289,0.0677,0.298,4
Training Season,spotify:track:5b5cPscqVEMChvDqscVw26,https://open.spotify.com/track/5b5cPscqVEMChvDqscVw26,['Dua Lipa'],Radical Optimism,79,3.49,123.041,5,0,0.812,0.587,-4.483,0.0477,0.0349,2.64e-06,0.123,0.664,4
Otherside,spotify:track:64BbK9SFKH2jk86U3dGj2P,https://open.spotify.com/track/64BbK9SFKH2jk86U3dGj2P,['Red Hot Chili Peppers'],Californication (Deluxe Edition),80,4.26,123.229,0,1,0.458,0.795,-3.265,0.0574,0.00316,0.000202,0.0756,0.513,4
Carry You Home,spotify:track:5o0osRx8kYJTOqlOSggr9Z,https://open.spotify.com/track/5o0osRx8kYJTOqlOSggr9Z,['Alex Warren'],"You'll Be Alright, Kid (Chapter 1)",79,2.78,123.787,10,1,0.525,0.66,-7.094,0.111,0.468,3.3e-06,0.128,0.458,4
Gravity,spotify:track:3SktMqZmo3M9zbB7oKMIF7,https://open.spotify.com/track/3SktMqZmo3M9zbB7oKMIF7,['John Mayer'],Continuum,72,4.1,123.799,7,1,0.753,0.326,-9.883,0.0342,0.731,0.00131,0.24,0.237,3
New Light,spotify:track:4T6FWA703h6H7zk1FoSARw,https://open.spotify.com/track/4T6FWA703h6H7zk1FoSARw,['John Mayer'],Sob Rock,73,3.62,123.932,7,1,0.826,0.694,-7.862,0.0315,0.316,0.0285,0.074,0.852,4
Wait For You,spotify:track:0JjecOzaIzBTfIY35QGmgw,https://open.spotify.com/track/0JjecOzaIzBTfIY35QGmgw,['Myles Smith'],Wait For You,76,3.36,123.943,6,1,0.642,0.713,-5.281,0.0451,0.161,0.0,0.137,0.302,4
Don't Start Now,spotify:track:3PfIrDoz19wz7qK7tYeu62,https://open.spotify.com/track/3PfIrDoz19wz7qK7tYeu62,['Dua Lipa'],Future Nostalgia,80,3.05,123.95,11,0,0.793,0.793,-4.521,0.083,0.0123,0.0,0.0951,0.679,4
Head Down,spotify:track:1elmYn9vrSnQzs44rJcVY6,https://open.spotify.com/track/1elmYn9vrSnQzs44rJcVY6,"['Lost Frequencies', 'Bastille']",All Stand Together,61,2.9,123.992,4,0,0.73,0.845,-6.702,0.131,0.304,1.12e-05,0.206,0.424,4
Stargazing,spotify:track:3Vr3zh0r7ALn8VLqCiRR10,https://open.spotify.com/track/3Vr3zh0r7ALn8VLqCiRR10,['Myles Smith'],Stargazing,88,2.88,123.994,1,0,0.635,0.601,-6.129,0.0295,0.246,0.0,0.11,0.332,4
Words (feat. Zara Larsson),spotify:track:1bgKMxPQU7JIZEhNsM1vFs,https://open.spotify.com/track/1bgKMxPQU7JIZEhNsM1vFs,"['Alesso', 'Zara Larsson']",Words (feat. Zara Larsson),73,2.38,124.026,10,0,0.739,0.586,-5.079,0.0472,0.0245,0.000252,0.308,0.444,4
Sweater Weather,spotify:track:2QjOHCTQ1Jl3zawyYOpxh6,https://open.spotify.com/track/2QjOHCTQ1Jl3zawyYOpxh6,['The Neighbourhood'],I Love You.,90,4.01,124.053,10,1,0.612,0.807,-2.81,0.0336,0.0495,0.0177,0.101,0.398,4
Sweater Weather,spotify:track:2QjOHCTQ1Jl3zawyYOpxh6,https://open.spotify.com/track/2QjOHCTQ1Jl3zawyYOpxh6,['The Neighbourhood'],I Love You.,90,4.01,124.053,10,1,0.612,0.807,-2.81,0.0336,0.0495,0.0177,0.101,0.398,4
Paradise,spotify:track:40FUdLENDY3sZmHEM25lpE,https://open.spotify.com/track/40FUdLENDY3sZmHEM25lpE,"['MEDUZA', 'Dermot Kennedy']",MEDUZA,67,2.8,124.114,8,0,0.632,0.595,-7.644,0.0401,0.0689,0.0,0.209,0.435,4
Crystal Ball,spotify:track:3e90d7sOsXNnVyBfOhjo0z,https://open.spotify.com/track/3e90d7sOsXNnVyBfOhjo0z,['Keane'],Under The Iron Sea,56,3.9,124.305,10,0,0.435,0.97,-3.612,0.0518,7.62e-05,5.65e-05,0.0778,0.401,4
Twist And Shout - Remastered 2009,spotify:track:5ZBeML7Lf3FMEVviTyvi8l,https://open.spotify.com/track/5ZBeML7Lf3FMEVviTyvi8l,['The Beatles'],Please Please Me (Remastered),76,2.59,124.631,2,1,0.482,0.849,-9.198,0.0452,0.641,7.74e-06,0.0414,0.937,4
Supercut,spotify:track:6K8VQ84MqhsoakN5MjrnVR,https://open.spotify.com/track/6K8VQ84MqhsoakN5MjrnVR,['Lorde'],Melodrama,72,4.63,124.852,0,1,0.562,0.437,-10.229,0.052,0.219,2.18e-05,0.0806,0.15,4
Believer,spotify:track:0pqnGHJpmpxLKifKRmU6WP,https://open.spotify.com/track/0pqnGHJpmpxLKifKRmU6WP,['Imagine Dragons'],Evolve,85,3.41,124.949,10,0,0.776,0.78,-4.374,0.128,0.0622,0.0,0.081,0.666,4
Believer,spotify:track:0pqnGHJpmpxLKifKRmU6WP,https://open.spotify.com/track/0pqnGHJpmpxLKifKRmU6WP,['Imagine Dragons'],Evolve,85,3.41,124.949,10,0,0.776,0.78,-4.374,0.128,0.0622,0.0,0.081,0.666,4
A Sky Full of Stars,spotify:track:0FDzzruyVECATHXKHFs9eJ,https://open.spotify.com/track/0FDzzruyVECATHXKHFs9eJ,['Coldplay'],Ghost Stories,85,4.46,124.97,6,1,0.545,0.675,-6.474,0.0279,0.00617,0.00197,0.209,0.162,4
LUNCH,spotify:track:629DixmZGHc7ILtEntuiWE,https://open.spotify.com/track/629DixmZGHc7ILtEntuiWE,['Billie Eilish'],HIT ME HARD AND SOFT,86,2.99,124.987,11,0,0.893,0.4,-7.981,0.0643,0.0452,0.0823,0.0632,0.945,4
I Need Your Love (feat. Ellie Goulding),spotify:track:05SBRd4fXgn8FX7bf8BCAE,https://open.spotify.com/track/05SBRd4fXgn8FX7bf8BCAE,"['Calvin Harris', 'Ellie Goulding']",18 Months,70,3.91,124.989,8,1,0.695,0.869,-5.066,0.0483,0.41,0.0,0.237,0.58,4
I Need Your Love (feat. Ellie Goulding),spotify:track:05SBRd4fXgn8FX7bf8BCAE,https://open.spotify.com/track/05SBRd4fXgn8FX7bf8BCAE,"['Calvin Harris', 'Ellie Goulding']",18 Months,70,3.91,124.989,8,1,0.695,0.869,-5.066,0.0483,0.41,0.0,0.237,0.58,4
HEAT,spotify:track:3Du9k9oZz7DJCMZviju2lD,https://open.spotify.com/track/3Du9k9oZz7DJCMZviju2lD,"['Tove Lo', 'SG Lewis']",HEAT,65,3.63,125.001,2,1,0.702,0.945,-3.997,0.0394,0.00695,0.613,0.352,0.427,4
One Last Time,spotify:track:7xoUc6faLbCqZO6fQEYprd,https://open.spotify.com/track/7xoUc6faLbCqZO6fQEYprd,['Ariana Grande'],My Everything (Deluxe),81,3.29,125.025,8,1,0.628,0.593,-5.036,0.0323,0.093,1.65e-06,0.096,0.104,4
Lately,spotify:track:09eWLCCXXypdgrlfLAMy3n,https://open.spotify.com/track/09eWLCCXXypdgrlfLAMy3n,['RÜFÜS DU SOL'],Inhale / Exhale,65,4.16,125.995,1,0,0.564,0.895,-5.425,0.0275,0.0277,0.357,0.428,0.4,4
Bad Habits,spotify:track:3rmo8F54jFF8OgYsqTxm5d,https://open.spotify.com/track/3rmo8F54jFF8OgYsqTxm5d,['Ed Sheeran'],=,79,3.85,126.011,11,0,0.807,0.893,-3.745,0.0347,0.0451,2.79e-05,0.366,0.537,4
Apple,spotify:track:19RybK6XDbAVpcdxSbZL1o,https://open.spotify.com/track/19RybK6XDbAVpcdxSbZL1o,['Charli xcx'],BRAT,83,2.53,126.035,0,1,0.804,0.957,-5.452,0.034,0.125,0.0174,0.114,0.962,4
Apple,spotify:track:19RybK6XDbAVpcdxSbZL1o,https://open.spotify.com/track/19RybK6XDbAVpcdxSbZL1o,['Charli xcx'],BRAT,83,2.53,126.035,0,1,0.804,0.957,-5.452,0.034,0.125,0.0174,0.114,0.962,4
The Winner Takes It All,spotify:track:3oEkrIfXfSh9zGnE7eBzSV,https://open.spotify.com/track/3oEkrIfXfSh9zGnE7eBzSV,['ABBA'],Super Trouper,73,4.91,126.15,6,1,0.454,0.788,-6.748,0.0371,0.574,0.000766,0.0859,0.52,4
Walking On A Dream,spotify:track:3HfhB8sYqLlVmpBPb7cc2x,https://open.spotify.com/track/3HfhB8sYqLlVmpBPb7cc2x,['Empire Of The Sun'],Walking On A Dream,68,3.31,126.967,5,0,0.87,0.699,-5.541,0.0459,0.245,6.76e-06,0.0588,0.727,4
The Thrill,spotify:track:56oGoEjA9eTZYgsttEFKY3,https://open.spotify.com/track/56oGoEjA9eTZYgsttEFKY3,"['Wiz Khalifa', 'Empire Of The Sun']",The Thrill (feat. Empire of the Sun),76,3.91,126.984,10,0,0.817,0.775,-4.767,0.108,0.277,0.0,0.108,0.806,4
The Spins,spotify:track:7FAFkQQZFeNwOFzTrSDFIh,https://open.spotify.com/track/7FAFkQQZFeNwOFzTrSDFIh,"['Mac Miller', 'Empire Of The Sun']",K.I.D.S. (Deluxe),81,3.26,127.006,9,0,0.794,0.766,-3.894,0.0377,0.0135,0.0,0.0785,0.55,4
365,spotify:track:5h68SoVFGleijCtjEja3xG,https://open.spotify.com/track/5h68SoVFGleijCtjEja3xG,['Charli xcx'],BRAT,78,3.39,127.111,1,1,0.761,0.856,-5.121,0.109,0.154,0.503,0.16,0.729,4
365,spotify:track:5h68SoVFGleijCtjEja3xG,https://open.spotify.com/track/5h68SoVFGleijCtjEja3xG,['Charli xcx'],BRAT,78,3.39,127.111,1,1,0.761,0.856,-5.121,0.109,0.154,0.503,0.16,0.729,4
São Paulo (feat. Anitta),spotify:track:0xGQTpN4ESETtl1Sp6rzd2,https://open.spotify.com/track/0xGQTpN4ESETtl1Sp6rzd2,"['The Weeknd', 'Anitta']",São Paulo,86,5.03,127.347,5,0,0.574,0.659,-7.377,0.0768,0.0412,0.0002,0.0921,0.506,4
Pompeii,spotify:track:3gbBpTdY8lnQwqxNCcf795,https://open.spotify.com/track/3gbBpTdY8lnQwqxNCcf795,['Bastille'],Bad Blood,68,3.57,127.435,9,1,0.679,0.715,-6.383,0.0407,0.0755,0.0,0.271,0.571,4
Flowers In Your Hair,spotify:track:5PbdVk09VHHcvGa0pX86RP,https://open.spotify.com/track/5PbdVk09VHHcvGa0pX86RP,['The Lumineers'],The Lumineers,73,1.83,127.463,7,1,0.67,0.609,-10.088,0.0333,0.75,6.74e-05,0.227,0.573,4
Flowers In Your Hair,spotify:track:5PbdVk09VHHcvGa0pX86RP,https://open.spotify.com/track/5PbdVk09VHHcvGa0pX86RP,['The Lumineers'],The Lumineers,73,1.83,127.463,7,1,0.67,0.609,-10.088,0.0333,0.75,6.74e-05,0.227,0.573,4
Budapest,spotify:track:2ixsaeFioXJmMgkkbd4uj1,https://open.spotify.com/track/2ixsaeFioXJmMgkkbd4uj1,['George Ezra'],Wanted on Voyage (Expanded Edition),82,3.35,127.812,5,1,0.717,0.455,-8.303,0.0276,0.0846,0.0,0.11,0.389,4
Ribs,spotify:track:2MvvoeRt8NcOXWESkxWn3g,https://open.spotify.com/track/2MvvoeRt8NcOXWESkxWn3g,['Lorde'],Pure Heroine,78,4.32,127.945,4,1,0.525,0.472,-9.277,0.0739,0.534,0.614,0.11,0.0424,4
The Other Side Of Paradise,spotify:track:0rRjGruFonCGOt0S5zAJNQ,https://open.spotify.com/track/0rRjGruFonCGOt0S5zAJNQ,['Glass Animals'],How To Be A Human Being,67,5.34,128.012,11,0,0.689,0.338,-7.634,0.0629,0.349,5.7e-05,0.0649,0.568,4
Outside (feat. Ellie Goulding),spotify:track:7MmG8p0F9N3C4AXdK6o6Eb,https://open.spotify.com/track/7MmG8p0F9N3C4AXdK6o6Eb,"['Calvin Harris', 'Ellie Goulding']",Motion,82,3.79,128.035,2,0,0.646,0.823,-4.123,0.0394,0.213,0.0,0.322,0.418,4
Outside (feat. Ellie Goulding),spotify:track:7MmG8p0F9N3C4AXdK6o6Eb,https://open.spotify.com/track/7MmG8p0F9N3C4AXdK6o6Eb,"['Calvin Harris', 'Ellie Goulding']",Motion,82,3.79,128.035,2,0,0.646,0.823,-4.123,0.0394,0.213,0.0,0.322,0.418,4
Just Can't Get Enough,spotify:track:0qi4b1l0eT3jpzeNHeFXDT,https://open.spotify.com/track/0qi4b1l0eT3jpzeNHeFXDT,['Depeche Mode'],Speak and Spell (Deluxe),74,3.68,128.168,0,1,0.766,0.772,-9.362,0.0353,0.403,0.0584,0.183,0.919,4
Your Song,spotify:track:38zsOOcu31XbbYj9BIPUF1,https://open.spotify.com/track/38zsOOcu31XbbYj9BIPUF1,['Elton John'],Elton John,79,4.03,128.187,3,1,0.552,0.315,-11.028,0.0299,0.828,5.52e-06,0.101,0.324,4
This Woman's Work - 2018 Remaster,spotify:track:7ijKen7rccf56qOMGkS22e,https://open.spotify.com/track/7ijKen7rccf56qOMGkS22e,['Kate Bush'],The Sensual World (2018 Remaster),56,3.61,128.21,8,1,0.357,0.147,-16.229,0.0389,0.905,0.000236,0.0672,0.183,4
this is what falling in love feels like,spotify:track:2PWTZV5znjLtZC5T1EVJvL,https://open.spotify.com/track/2PWTZV5znjLtZC5T1EVJvL,['JVKE'],this is what ____ feels like (Vol. 1-4),75,2.01,128.934,11,1,0.422,0.44,-5.53,0.0544,0.617,0.0,0.0837,0.332,5
Take Me to Church,spotify:track:1CS7Sd1u5tWkstBhpssyjP,https://open.spotify.com/track/1CS7Sd1u5tWkstBhpssyjP,['Hozier'],Hozier (Expanded Edition),80,4.03,128.945,4,0,0.566,0.664,-5.303,0.0464,0.634,0.0,0.116,0.437,4
Take Me to Church,spotify:track:1CS7Sd1u5tWkstBhpssyjP,https://open.spotify.com/track/1CS7Sd1u5tWkstBhpssyjP,['Hozier'],Hozier (Expanded Edition),80,4.03,128.945,4,0,0.566,0.664,-5.303,0.0464,0.634,0.0,0.116,0.437,4
Uptown Girl,spotify:track:5zA8vzDGqPl2AzZkEYQGKh,https://open.spotify.com/track/5zA8vzDGqPl2AzZkEYQGKh,['Billy Joel'],An Innocent Man,81,3.3,128.993,4,1,0.701,0.944,-2.986,0.0455,0.0755,0.0,0.601,0.792,4
Is It Any Wonder?,spotify:track:5xT8JXJSyHYNfC11OFqzFL,https://open.spotify.com/track/5xT8JXJSyHYNfC11OFqzFL,['Keane'],Under The Iron Sea,60,3.1,129.352,11,0,0.489,0.955,-2.771,0.0363,3.82e-05,0.000178,0.334,0.816,4
Personal Jesus - Single Version,spotify:track:4UCTgh5jvtqoaMX6MAhUNn,https://open.spotify.com/track/4UCTgh5jvtqoaMX6MAhUNn,['Depeche Mode'],The Singles 86-98,69,3.75,129.885,11,1,0.673,0.899,-3.528,0.0434,0.0911,0.0172,0.0481,0.793,4
I Don't Wanna Wait,spotify:track:331l3xABO0HMr1Kkyh2LZq,https://open.spotify.com/track/331l3xABO0HMr1Kkyh2LZq,"['David Guetta', 'OneRepublic']",I Don't Wanna Wait,85,2.49,129.976,1,0,0.681,0.714,-4.617,0.0309,0.0375,0.0,0.232,0.554,4
I Can Do It With a Broken Heart,spotify:track:4q5YezDOIPcoLr8R81x9qy,https://open.spotify.com/track/4q5YezDOIPcoLr8R81x9qy,['Taylor Swift'],THE TORTURED POETS DEPARTMENT,83,3.63,129.994,0,1,0.701,0.751,-8.39,0.0502,0.123,0.0,0.15,0.22,4
cardigan,spotify:track:4R2kfaDFhslZEMJqAFNpdd,https://open.spotify.com/track/4R2kfaDFhslZEMJqAFNpdd,['Taylor Swift'],folklore,83,3.99,130.033,0,0,0.613,0.581,-8.588,0.0424,0.537,0.000345,0.25,0.551,4
Guess featuring billie eilish,spotify:track:0IsIY8pfu1yaGkPUD7pkDx,https://open.spotify.com/track/0IsIY8pfu1yaGkPUD7pkDx,"['Charli xcx', 'Billie Eilish']",Brat and it’s completely different but also still brat,81,2.39,130.034,0,1,0.78,0.713,-4.493,0.0888,0.0167,0.206,0.144,0.615,4
Guess featuring billie eilish,spotify:track:0IsIY8pfu1yaGkPUD7pkDx,https://open.spotify.com/track/0IsIY8pfu1yaGkPUD7pkDx,"['Charli xcx', 'Billie Eilish']",Brat and it’s completely different but also still brat,81,2.39,130.034,0,1,0.78,0.713,-4.493,0.0888,0.0167,0.206,0.144,0.615,4
Juno,spotify:track:21B4gaTWnTkuSh77iWEXdS,https://open.spotify.com/track/21B4gaTWnTkuSh77iWEXdS,['Sabrina Carpenter'],Short n' Sweet,87,3.72,130.504,5,1,0.633,0.725,-4.257,0.0427,0.0461,0.0,0.205,0.64,4
My Life,spotify:track:4ZoBC5MhSEzuknIgAkBaoT,https://open.spotify.com/track/4ZoBC5MhSEzuknIgAkBaoT,['Billy Joel'],52nd Street,69,4.73,131.097,2,1,0.741,0.647,-12.878,0.0427,0.108,0.00139,0.0555,0.804,4
Don't Go Breaking My Heart,spotify:track:7HW5WIw7ZgZORCzUxv5gW5,https://open.spotify.com/track/7HW5WIw7ZgZORCzUxv5gW5,"['Elton John', 'Kiki Dee']",Rock Of The Westies,78,4.59,131.459,5,1,0.729,0.844,-8.824,0.0344,0.149,2.87e-06,0.0604,0.777,4
About A Girl,spotify:track:2SHTKB8YYlawTGIuJ2b2ok,https://open.spotify.com/track/2SHTKB8YYlawTGIuJ2b2ok,['Nirvana'],Bleach,77,2.81,131.951,6,0,0.413,0.875,-7.48,0.031,5.13e-06,0.00058,0.209,0.575,4
Freedom,spotify:track:0PhU6i6Kei6x0CH3jocvA3,https://open.spotify.com/track/0PhU6i6Kei6x0CH3jocvA3,['Wham!'],Make It Big,57,5.04,132.538,0,1,0.591,0.651,-12.882,0.0424,0.42,1.94e-06,0.129,0.824,4
A New Kind Of Love - Demo,spotify:track:3fuyYaLhZ2RoP9eWpvfP1H,https://open.spotify.com/track/3fuyYaLhZ2RoP9eWpvfP1H,"['Frou Frou', 'Imogen Heap', 'Guy Sigsworth']",A New Kind Of Love (Demo),74,4.32,132.97,9,1,0.674,0.487,-13.307,0.0331,0.169,0.00411,0.127,0.329,4
Lay All Your Love On Me,spotify:track:4euAGZTszWPrriggYK0HG9,https://open.spotify.com/track/4euAGZTszWPrriggYK0HG9,['ABBA'],Super Trouper,75,4.57,133.481,2,0,0.678,0.727,-7.844,0.0258,0.117,0.00396,0.354,0.71,4
"She’s Gone, Dance On",spotify:track:29I9dv9Nq704w0Oc5yFGsR,https://open.spotify.com/track/29I9dv9Nq704w0Oc5yFGsR,['Disclosure'],"She’s Gone, Dance On",71,3.78,134.004,1,0,0.534,0.943,-4.812,0.0496,0.000215,0.794,0.0929,0.375,4
Things We Lost In The Fire,spotify:track:6qOxF7JKKNegcuocn14ukr,https://open.spotify.com/track/6qOxF7JKKNegcuocn14ukr,['Bastille'],All This Bad Blood,56,4.01,134.055,4,0,0.587,0.918,-4.878,0.0581,0.0636,0.0,0.267,0.629,4
That's What I Like,spotify:track:0KKkJNfGyhkQ5aFogxQAPU,https://open.spotify.com/track/0KKkJNfGyhkQ5aFogxQAPU,['Bruno Mars'],24K Magic,88,3.44,134.066,1,1,0.853,0.56,-4.961,0.0406,0.013,0.0,0.0944,0.86,4
Icarus,spotify:track:3aO4GaEhtu1UanIGKefdD3,https://open.spotify.com/track/3aO4GaEhtu1UanIGKefdD3,['Bastille'],All This Bad Blood,56,3.75,134.945,4,0,0.583,0.778,-6.578,0.0459,0.0712,1.23e-06,0.0753,0.673,4
Whatever It Takes,spotify:track:6Qn5zhYkTa37e91HC1D7lb,https://open.spotify.com/track/6Qn5zhYkTa37e91HC1D7lb,['Imagine Dragons'],Evolve,81,3.35,134.948,10,0,0.672,0.655,-5.021,0.031,0.0362,0.0,0.117,0.555,4
Whatever It Takes,spotify:track:6Qn5zhYkTa37e91HC1D7lb,https://open.spotify.com/track/6Qn5zhYkTa37e91HC1D7lb,['Imagine Dragons'],Evolve,81,3.35,134.948,10,0,0.672,0.655,-5.021,0.031,0.0362,0.0,0.117,0.555,4
Mony Mony - Downtown Mix / Remastered 2001,spotify:track:2LbkpJUH052AvFcNIgjHTO,https://open.spotify.com/track/2LbkpJUH052AvFcNIgjHTO,['Billy Idol'],Vital Idol,64,5.03,135.012,10,0,0.742,0.743,-6.293,0.0508,0.00935,0.0,0.22,0.485,4
Faint,spotify:track:4Yf5bqU3NK4kNOypcrLYwU,https://open.spotify.com/track/4Yf5bqU3NK4kNOypcrLYwU,['Linkin Park'],Meteora,84,2.7,135.12,4,1,0.554,0.98,-3.514,0.108,0.127,0.0,0.0833,0.611,4
Sympathy is a knife featuring ariana grande,spotify:track:3nQ24dxqvxZEVwlHTeuLz0,https://open.spotify.com/track/3nQ24dxqvxZEVwlHTeuLz0,"['Charli xcx', 'Ariana Grande']",Brat and it’s completely different but also still brat,78,2.57,135.151,3,1,0.711,0.603,-7.815,0.0405,0.0962,0.0,0.112,0.339,4
Sympathy is a knife featuring ariana grande,spotify:track:3nQ24dxqvxZEVwlHTeuLz0,https://open.spotify.com/track/3nQ24dxqvxZEVwlHTeuLz0,"['Charli xcx', 'Ariana Grande']",Brat and it’s completely different but also still brat,78,2.57,135.151,3,1,0.711,0.603,-7.815,0.0405,0.0962,0.0,0.112,0.339,4
Someone Like You,spotify:track:1zwMYTA5nlNjZxYrvBB2pV,https://open.spotify.com/track/1zwMYTA5nlNjZxYrvBB2pV,['Adele'],21,77,4.75,135.187,9,1,0.556,0.319,-8.251,0.0281,0.893,0.0,0.0996,0.294,4
Blue Hair,spotify:track:39sDitIeCMrVX2QyXHY46t,https://open.spotify.com/track/39sDitIeCMrVX2QyXHY46t,['TV Girl'],Death of a Party Girl,81,3.62,135.73,4,1,0.751,0.72,-6.376,0.0303,0.554,0.0497,0.258,0.884,4
There Is a Light That Never Goes Out - 2011 Remaster,spotify:track:0WQiDwKJclirSYG9v5tayI,https://open.spotify.com/track/0WQiDwKJclirSYG9v5tayI,['The Smiths'],The Queen Is Dead,81,4.08,136.162,4,1,0.523,0.769,-5.855,0.0269,0.04,0.0,0.136,0.876,4
There Is a Light That Never Goes Out - 2011 Remaster,spotify:track:0WQiDwKJclirSYG9v5tayI,https://open.spotify.com/track/0WQiDwKJclirSYG9v5tayI,['The Smiths'],The Queen Is Dead,81,4.08,136.162,4,1,0.523,0.769,-5.855,0.0269,0.04,0.0,0.136,0.876,4
Friday I'm in Love,spotify:track:263aNAQCeFSWipk896byo6,https://open.spotify.com/track/263aNAQCeFSWipk896byo6,['The Cure'],Wish,68,3.57,136.203,0,0,0.526,0.762,-12.437,0.0342,0.000972,0.000116,0.338,0.505,4
"Rocket Man (I Think It's Going To Be A Long, Long Time)",spotify:track:3gdewACMIVMEWVbyb8O9sY,https://open.spotify.com/track/3gdewACMIVMEWVbyb8O9sY,['Elton John'],Honky Chateau,79,4.69,136.576,10,1,0.601,0.532,-9.119,0.0286,0.433,5.95e-06,0.0925,0.342,4
Mamma Mia,spotify:track:2TxCwUlqaOH3TIyJqGgR91,https://open.spotify.com/track/2TxCwUlqaOH3TIyJqGgR91,['ABBA'],Abba,76,3.55,137.547,2,1,0.749,0.748,-7.011,0.0323,0.295,0.000443,0.469,0.827,4
Viva La Vida,spotify:track:1mea3bSkSGXuIRvnydlB5b,https://open.spotify.com/track/1mea3bSkSGXuIRvnydlB5b,['Coldplay'],Viva La Vida or Death and All His Friends,85,4.04,138.015,5,0,0.486,0.617,-7.115,0.0287,0.0954,3.23e-06,0.109,0.417,4
7 rings,spotify:track:6ocbgoVGwYJhOv1GgI9NsF,https://open.spotify.com/track/6ocbgoVGwYJhOv1GgI9NsF,['Ariana Grande'],"thank u, next",82,2.98,139.848,1,0,0.777,0.317,-10.732,0.308,0.591,0.0,0.0881,0.33,4
I Ain't Worried,spotify:track:0oF9jpn0n8afMpbHKgRd6J,https://open.spotify.com/track/0oF9jpn0n8afMpbHKgRd6J,['OneRepublic'],Artificial Paradise (Deluxe),78,2.47,139.976,0,1,0.713,0.792,-5.957,0.0467,0.103,0.00052,0.0698,0.81,4
50 Ways to Say Goodbye,spotify:track:2NniAhAtkRACaMeYt48xlD,https://open.spotify.com/track/2NniAhAtkRACaMeYt48xlD,['Train'],California 37,66,4.13,140.043,6,1,0.591,0.935,-2.664,0.0478,0.000284,0.000278,0.142,0.736,4
Bleed It Out,spotify:track:0UFDKFqW2oGspYeYqo9wjA,https://open.spotify.com/track/0UFDKFqW2oGspYeYqo9wjA,['Linkin Park'],Minutes to Midnight,80,2.74,140.119,11,1,0.541,0.969,-3.439,0.0458,0.113,0.0,0.638,0.599,4
Sunshine,spotify:track:7qKIbKpRqsDoXG5vMK6fuT,https://open.spotify.com/track/7qKIbKpRqsDoXG5vMK6fuT,['OneRepublic'],Artificial Paradise (Deluxe),71,2.73,140.12,5,1,0.694,0.876,-4.576,0.0357,0.167,0.0,0.278,0.769,4
505,spotify:track:58ge6dfP91o9oXMzq3XkIS,https://open.spotify.com/track/58ge6dfP91o9oXMzq3XkIS,['Arctic Monkeys'],Favourite Worst Nightmare (Standard Version),79,4.23,140.267,0,1,0.52,0.852,-5.866,0.0543,0.00237,5.79e-05,0.0733,0.234,4
505,spotify:track:58ge6dfP91o9oXMzq3XkIS,https://open.spotify.com/track/58ge6dfP91o9oXMzq3XkIS,['Arctic Monkeys'],Favourite Worst Nightmare (Standard Version),79,4.23,140.267,0,1,0.52,0.852,-5.866,0.0543,0.00237,5.79e-05,0.0733,0.234,4
505,spotify:track:58ge6dfP91o9oXMzq3XkIS,https://open.spotify.com/track/58ge6dfP91o9oXMzq3XkIS,['Arctic Monkeys'],Favourite Worst Nightmare (Standard Version),79,4.23,140.267,0,1,0.52,0.852,-5.866,0.0543,0.00237,5.79e-05,0.0733,0.234,4
Shivers,spotify:track:50nfwKoDiSYg8zOCREWAm5,https://open.spotify.com/track/50nfwKoDiSYg8zOCREWAm5,['Ed Sheeran'],=,83,3.46,141.02,2,1,0.788,0.859,-2.724,0.0856,0.281,0.0,0.0424,0.822,4
It's Still Rock and Roll to Me,spotify:track:64UioB4Nmwgn2f4cbIpAkl,https://open.spotify.com/track/64UioB4Nmwgn2f4cbIpAkl,['Billy Joel'],Glass Houses,70,2.94,141.075,0,1,0.752,0.684,-7.599,0.15,0.0994,0.0,0.0897,0.539,4
Ain't My Fault,spotify:track:0ADG9OgdVTL7fgREP75BrZ,https://open.spotify.com/track/0ADG9OgdVTL7fgREP75BrZ,['Zara Larsson'],So Good,66,3.73,141.163,6,0,0.578,0.782,-4.825,0.0295,0.00778,0.0,0.286,0.355,4
I'm God,spotify:track:0FVuyC9RP5MACjp4lgU3qZ,https://open.spotify.com/track/0FVuyC9RP5MACjp4lgU3qZ,"['Clams Casino', 'Imogen Heap']",Instrumental Relics,73,4.63,141.931,2,1,0.529,0.641,-6.78,0.0336,0.0711,0.76,0.102,0.089,4
I Smoked Away My Brain (I'm God x Demons Mashup) (feat. Imogen Heap & Clams Casino),spotify:track:3ZaEs1O8BG581qYPHpQ8d6,https://open.spotify.com/track/3ZaEs1O8BG581qYPHpQ8d6,"['A$AP Rocky', 'Imogen Heap', 'Clams Casino']",I Smoked Away My Brain (I'm God x Demons Mashup) (feat. Imogen Heap & Clams Casino),84,3.17,141.981,2,1,0.47,0.652,-9.629,0.0561,0.0831,4.08e-05,0.175,0.104,4
Easy On Me,spotify:track:46IZ0fSY2mpAiktS3KOqds,https://open.spotify.com/track/46IZ0fSY2mpAiktS3KOqds,['Adele'],30,82,3.74,141.981,5,1,0.604,0.366,-7.519,0.0282,0.578,0.0,0.133,0.13,4
My Favourite Game,spotify:track:0Ui05Ov0s4PnRc4JI3Pilg,https://open.spotify.com/track/0Ui05Ov0s4PnRc4JI3Pilg,['The Cardigans'],Gran Turismo (Remastered),69,3.67,143.354,5,0,0.583,0.778,-6.185,0.0303,4.78e-05,0.00148,0.0729,0.424,4
Let It Be - Remastered 2009,spotify:track:7iN1s7xHE4ifF5povM6A48,https://open.spotify.com/track/7iN1s7xHE4ifF5povM6A48,['The Beatles'],Let It Be (Remastered),77,4.05,143.462,0,1,0.443,0.403,-8.339,0.0322,0.631,0.0,0.111,0.41,4
Army Dreamers - 2018 Remaster,spotify:track:5QYUNHT2dQwoNHorXznygN,https://open.spotify.com/track/5QYUNHT2dQwoNHorXznygN,['Kate Bush'],Never for Ever (2018 Remaster),64,2.99,143.527,4,0,0.696,0.119,-18.617,0.0581,0.728,5.56e-05,0.0637,0.312,3
Georgia,spotify:track:5sfvzgf96i6nLyLELnrLZ6,https://open.spotify.com/track/5sfvzgf96i6nLyLELnrLZ6,['Vance Joy'],Dream Your Life Away (Deluxe Edition),67,3.84,143.554,11,1,0.388,0.659,-7.372,0.0308,0.312,0.000315,0.0943,0.401,4
her,spotify:track:6G9YlbU3ByPJQvOFDRdwyM,https://open.spotify.com/track/6G9YlbU3ByPJQvOFDRdwyM,['JVKE'],her,72,2.38,143.728,11,1,0.434,0.589,-5.529,0.0342,0.932,0.00022,0.496,0.582,4
Bohemian Rhapsody - Remastered 2011,spotify:track:7tFiyTwD0nx5a1eklYtX2J,https://open.spotify.com/track/7tFiyTwD0nx5a1eklYtX2J,['Queen'],A Night At The Opera (Deluxe Remastered Version),69,5.91,143.879,0,0,0.391,0.402,-9.961,0.0539,0.289,0.0,0.243,0.228,4
Locked out of Heaven,spotify:track:3w3y8KPTfNeOKPiqUTakBh,https://open.spotify.com/track/3w3y8KPTfNeOKPiqUTakBh,['Bruno Mars'],Unorthodox Jukebox,89,3.89,143.994,5,1,0.726,0.698,-4.165,0.0431,0.049,0.0,0.309,0.867,4
We Didn't Start the Fire,spotify:track:3Cx4yrFaX8CeHwBMReOWXI,https://open.spotify.com/track/3Cx4yrFaX8CeHwBMReOWXI,['Billy Joel'],Storm Front,74,4.8,145.024,7,1,0.712,0.967,-5.206,0.047,0.0771,0.0,0.356,0.895,4
Tiny Dancer,spotify:track:2TVxnKdb3tqe1nhQWwwZCO,https://open.spotify.com/track/2TVxnKdb3tqe1nhQWwwZCO,['Elton John'],Madman Across The Water,75,6.28,145.075,0,1,0.414,0.428,-11.097,0.0278,0.382,0.000243,0.148,0.282,4
Never Forget You,spotify:track:6hmhG1b4LEyNuashVvuIAo,https://open.spotify.com/track/6hmhG1b4LEyNuashVvuIAo,"['Zara Larsson', 'MNEK']",So Good,70,3.56,146.005,11,0,0.583,0.732,-5.729,0.0459,0.00315,9.57e-06,0.269,0.277,4
NEVER GET USED TO THIS,spotify:track:25f7KnoDqO7nBbPahi15UE,https://open.spotify.com/track/25f7KnoDqO7nBbPahi15UE,"['Forrest Frank', 'JVKE']",CHILD OF GOD,68,2.42,147.002,11,1,0.649,0.696,-8.059,0.0371,0.333,0.0,0.465,0.958,4
White Wedding - Pt. 1,spotify:track:1gzIbdFnGJ226LTl0Cn2SX,https://open.spotify.com/track/1gzIbdFnGJ226LTl0Cn2SX,['Billy Idol'],Billy Idol,70,4.2,147.193,9,1,0.673,0.814,-5.411,0.0367,0.0134,0.00293,0.343,0.728,4
WILDFLOWER,spotify:track:3QaPy1KgI7nu9FJEQUgn6h,https://open.spotify.com/track/3QaPy1KgI7nu9FJEQUgn6h,['Billie Eilish'],HIT ME HARD AND SOFT,92,4.36,148.101,6,0,0.467,0.247,-12.002,0.0431,0.612,0.000271,0.17,0.126,4
this is what forever feels like (with Nick Jonas),spotify:track:3uTsiaNxy6h6EAd7MsCf9D,https://open.spotify.com/track/3uTsiaNxy6h6EAd7MsCf9D,"['JVKE', 'Nick Jonas']",this is what forever feels like,67,2.58,149.024,1,1,0.447,0.697,-4.896,0.0425,0.182,2.49e-06,0.137,0.306,4
APT.,spotify:track:5vNRhkKd0yEAg8suGBpjeY,https://open.spotify.com/track/5vNRhkKd0yEAg8suGBpjeY,"['ROSÉ', 'Bruno Mars']",APT.,98,2.83,149.027,0,0,0.777,0.783,-4.477,0.26,0.0283,0.0,0.355,0.939,4
Dog Days Are Over,spotify:track:1YLJVmuzeM2YSUkCCaTNUB,https://open.spotify.com/track/1YLJVmuzeM2YSUkCCaTNUB,['Florence + The Machine'],Lungs (Deluxe Edition),73,4.2,149.954,7,1,0.492,0.81,-5.315,0.0847,0.0416,0.00379,0.117,0.245,4
Dermot (see yourself in my eyes),spotify:track:1zAIRb8mTj8CcAUXW2FoMd,https://open.spotify.com/track/1zAIRb8mTj8CcAUXW2FoMd,"['Fred again..', 'Dermot Kennedy']",Actual Life (April 14 - December 17 2020),63,3.81,150.034,0,1,0.573,0.727,-7.616,0.0664,0.132,0.0584,0.192,0.22,4
Florida!!! (feat. Florence + The Machine),spotify:track:3ZVFcD8Wlw9T9klGqmJf9F,https://open.spotify.com/track/3ZVFcD8Wlw9T9klGqmJf9F,"['Taylor Swift', 'Florence + The Machine']",THE TORTURED POETS DEPARTMENT,72,3.59,150.088,0,1,0.533,0.573,-7.123,0.138,0.178,0.0,0.309,0.398,4
Just like Heaven,spotify:track:76GlO5H5RT6g7y0gev86Nk,https://open.spotify.com/track/76GlO5H5RT6g7y0gev86Nk,['The Cure'],"Kiss Me, Kiss Me, Kiss Me",67,3.53,151.219,9,1,0.43,0.971,-3.845,0.0524,0.0271,2.16e-05,0.185,0.764,4
Take A Slice,spotify:track:37adYGaYaAWTGhBaOzX4Fh,https://open.spotify.com/track/37adYGaYaAWTGhBaOzX4Fh,['Glass Animals'],How To Be A Human Being,70,3.83,151.97,9,1,0.623,0.661,-7.0,0.1,0.0212,0.000229,0.267,0.63,4
You Found Me,spotify:track:4IoYz8XqqdowINzfRrFnhi,https://open.spotify.com/track/4IoYz8XqqdowINzfRrFnhi,['The Fray'],The Fray,73,4.03,151.994,8,0,0.338,0.803,-5.412,0.0413,0.0187,0.0,0.136,0.4,4
Don't Stop Me Now - Remastered 2011,spotify:track:7hQJA50XrCWABAu5v6QZ4i,https://open.spotify.com/track/7hQJA50XrCWABAu5v6QZ4i,['Queen'],Jazz (Deluxe Remastered Version),72,3.49,156.271,5,1,0.563,0.865,-5.277,0.16,0.0472,0.000191,0.77,0.601,4
Die With A Smile,spotify:track:2plbrEY59IikOBgBGLjaoe,https://open.spotify.com/track/2plbrEY59IikOBgBGLjaoe,"['Lady Gaga', 'Bruno Mars']",Die With A Smile,100,4.19,157.969,6,0,0.521,0.592,-7.777,0.0304,0.308,0.0,0.122,0.535,3
21 Guns,spotify:track:64yrDBpcdwEdNY9loyEGbX,https://open.spotify.com/track/64yrDBpcdwEdNY9loyEGbX,['Green Day'],21st Century Breakdown,74,5.35,159.779,5,1,0.268,0.742,-4.939,0.0355,0.0518,0.0,0.626,0.416,4
Woman In Chains,spotify:track:1ydGjYPl6SkTBwy6yhRCJT,https://open.spotify.com/track/1ydGjYPl6SkTBwy6yhRCJT,"['Tears For Fears', 'Oleta Adams']",The Seeds Of Love,62,6.52,159.965,5,1,0.431,0.598,-8.576,0.0304,0.0232,0.0012,0.0487,0.373,4
Never Say Never,spotify:track:57uX2vR9j9DNiANDYfXw1i,https://open.spotify.com/track/57uX2vR9j9DNiANDYfXw1i,['The Fray'],The Fray,65,4.28,160.139,8,1,0.23,0.492,-5.767,0.0317,0.568,8.18e-06,0.176,0.262,4
The Happy Song,spotify:track:6snoOAATGyud5oaIT9gwws,https://open.spotify.com/track/6snoOAATGyud5oaIT9gwws,['Imogen Heap'],The Happy Song,72,2.63,163.968,3,1,0.758,0.485,-9.185,0.0454,0.537,0.000463,0.238,0.852,4
Come Together - Remastered 2009,spotify:track:2EqlS6tkEnglzr7tkKAAYD,https://open.spotify.com/track/2EqlS6tkEnglzr7tkKAAYD,['The Beatles'],Abbey Road (Remastered),75,4.33,164.775,9,0,0.53,0.376,-11.913,0.04,0.0304,0.247,0.0926,0.188,4
Jigsaw Falling Into Place,spotify:track:0YJ9FWWHn9EfnN0lHwbzvV,https://open.spotify.com/track/0YJ9FWWHn9EfnN0lHwbzvV,['Radiohead'],In Rainbows,75,4.15,165.653,11,0,0.462,0.832,-6.085,0.0479,0.108,0.00416,0.0741,0.807,4
Rebel Yell,spotify:track:4TIJ7zSBNejpoIPaWpWRKc,https://open.spotify.com/track/4TIJ7zSBNejpoIPaWpWRKc,['Billy Idol'],Rebel Yell,74,4.81,166.312,4,0,0.531,0.864,-4.948,0.0611,0.000753,0.00046,0.354,0.485,4
Thunder,spotify:track:1zB4vmk8tFRmM9UULNzbLB,https://open.spotify.com/track/1zB4vmk8tFRmM9UULNzbLB,['Imagine Dragons'],Evolve,84,3.12,167.997,0,1,0.604,0.822,-4.833,0.0438,0.00672,0.134,0.147,0.288,4
Thunder,spotify:track:1zB4vmk8tFRmM9UULNzbLB,https://open.spotify.com/track/1zB4vmk8tFRmM9UULNzbLB,['Imagine Dragons'],Evolve,84,3.12,167.997,0,1,0.604,0.822,-4.833,0.0438,0.00672,0.134,0.147,0.288,4
Boys Don't Cry - Single Version,spotify:track:4dneV7C1yDt9UtyxrQY375,https://open.spotify.com/track/4dneV7C1yDt9UtyxrQY375,['The Cure'],Three Imaginary Boys (Deluxe Edition),67,2.63,168.743,11,0,0.465,0.841,-5.767,0.0633,0.00486,0.0,0.109,0.689,4
You’re Gonna Go Far,spotify:track:4nHJcUtNSUVjXRnjdP29Bk,https://open.spotify.com/track/4nHJcUtNSUVjXRnjdP29Bk,['Noah Kahan'],Stick Season (We'll All Be Here Forever),80,4.77,169.925,7,1,0.586,0.358,-9.761,0.0308,0.556,0.0,0.11,0.365,4
You’re Gonna Go Far,spotify:track:4nHJcUtNSUVjXRnjdP29Bk,https://open.spotify.com/track/4nHJcUtNSUVjXRnjdP29Bk,['Noah Kahan'],Stick Season (We'll All Be Here Forever),80,4.77,169.925,7,1,0.586,0.358,-9.761,0.0308,0.556,0.0,0.11,0.365,4
Stressed Out,spotify:track:3CRDbSIZ4r5MsZ0YwxuEkn,https://open.spotify.com/track/3CRDbSIZ4r5MsZ0YwxuEkn,['Twenty One Pilots'],Blurryface,83,3.37,169.977,4,0,0.734,0.637,-5.677,0.141,0.0462,2.29e-05,0.0602,0.648,4
Stressed Out,spotify:track:3CRDbSIZ4r5MsZ0YwxuEkn,https://open.spotify.com/track/3CRDbSIZ4r5MsZ0YwxuEkn,['Twenty One Pilots'],Blurryface,83,3.37,169.977,4,0,0.734,0.637,-5.677,0.141,0.0462,2.29e-05,0.0602,0.648,4
I Write Sins Not Tragedies,spotify:track:4bPQs0PHn4xbipzdPfn6du,https://open.spotify.com/track/4bPQs0PHn4xbipzdPfn6du,['Panic! At The Disco'],A Fever You Can't Sweat Out,71,3.11,170.094,9,0,0.569,0.83,-4.106,0.14,0.0807,0.0,0.114,0.609,4
Blinding Lights,spotify:track:0VjIjW4GlUZAMYd2vXMi3b,https://open.spotify.com/track/0VjIjW4GlUZAMYd2vXMi3b,['The Weeknd'],After Hours,87,3.33,171.001,1,1,0.513,0.73,-5.94,0.0598,0.00143,9.54e-05,0.0897,0.334,4
Burning Down,spotify:track:0ydx75YiFzLjjQknKFNFwt,https://open.spotify.com/track/0ydx75YiFzLjjQknKFNFwt,['Alex Warren'],"You'll Be Alright, Kid (Chapter 1)",77,2.99,171.892,10,0,0.499,0.674,-3.866,0.0389,0.0745,0.0,0.0645,0.442,4
Somewhere Only We Know,spotify:track:0ll8uFnc0nANY35E0Lfxvg,https://open.spotify.com/track/0ll8uFnc0nANY35E0Lfxvg,['Keane'],Hopes And Fears,74,3.94,172.01,9,1,0.453,0.655,-4.22,0.0257,0.0794,7.06e-06,0.0849,0.366,4
Call Your Mom,spotify:track:3yn01PcU95PTbiZ3xvop2j,https://open.spotify.com/track/3yn01PcU95PTbiZ3xvop2j,['Noah Kahan'],Stick Season (We'll All Be Here Forever),76,4.64,172.122,0,1,0.485,0.215,-12.124,0.0348,0.703,3.55e-06,0.115,0.159,4
Call Your Mom,spotify:track:3yn01PcU95PTbiZ3xvop2j,https://open.spotify.com/track/3yn01PcU95PTbiZ3xvop2j,['Noah Kahan'],Stick Season (We'll All Be Here Forever),76,4.64,172.122,0,1,0.485,0.215,-12.124,0.0348,0.703,3.55e-06,0.115,0.159,4
Nothing In My Way,spotify:track:7falOwHJ9MjskdcNehIh79,https://open.spotify.com/track/7falOwHJ9MjskdcNehIh79,['Keane'],Under The Iron Sea,64,4.01,172.478,10,0,0.399,0.854,-4.97,0.0294,0.00107,3.96e-06,0.0893,0.872,4
Yellow,spotify:track:3AJwUDP919kvQ9QcozQPxg,https://open.spotify.com/track/3AJwUDP919kvQ9QcozQPxg,['Coldplay'],Parachutes,89,4.45,173.372,11,1,0.429,0.661,-7.227,0.0281,0.00239,0.000121,0.234,0.285,4
Power Over Me,spotify:track:3CNLrZJST54nE4PUkS83Sl,https://open.spotify.com/track/3CNLrZJST54nE4PUkS83Sl,['Dermot Kennedy'],Dermot Kennedy,68,3.45,173.815,9,0,0.42,0.843,-4.231,0.12,0.0528,0.0,0.106,0.494,3
Ghost Town,spotify:track:6HuHyXviAdpmnQu73JHfBz,https://open.spotify.com/track/6HuHyXviAdpmnQu73JHfBz,['Benson Boone'],Fireworks & Rollerblades,76,3.23,174.185,0,1,0.391,0.335,-10.064,0.0763,0.389,0.0,0.102,0.116,3
Free,spotify:track:7H7SHw3YWXhb4zYqyoPNa1,https://open.spotify.com/track/7H7SHw3YWXhb4zYqyoPNa1,['Florence + The Machine'],Dance Fever,63,3.91,174.806,10,0,0.465,0.696,-6.233,0.0363,0.00777,0.00196,0.142,0.0494,4
Waiting On the World to Change,spotify:track:5imShWWzwqfAJ9gXFpGAQh,https://open.spotify.com/track/5imShWWzwqfAJ9gXFpGAQh,['John Mayer'],Continuum,74,3.35,176.739,2,1,0.578,0.756,-5.82,0.115,0.157,0.000232,0.249,0.663,4
I'm Still Standing,spotify:track:1jDJFeK9x3OZboIAHsY9k2,https://open.spotify.com/track/1jDJFeK9x3OZboIAHsY9k2,['Elton John'],Too Low For Zero,82,3.06,176.811,6,1,0.505,0.904,-6.863,0.179,0.355,0.118,0.14,0.773,4
Piano Man,spotify:track:70C4NyhjD5OZUMzvWZ3njJ,https://open.spotify.com/track/70C4NyhjD5OZUMzvWZ3njJ,['Billy Joel'],Piano Man (Legacy Edition),76,5.65,177.734,0,1,0.331,0.55,-6.483,0.0272,0.605,3.96e-06,0.192,0.429,3
A Fragile Thing,spotify:track:4i5a73hGNtTXXmxEUW2esC,https://open.spotify.com/track/4i5a73hGNtTXXmxEUW2esC,['The Cure'],Songs Of A Lost World,66,4.72,179.967,4,0,0.508,0.907,-5.005,0.0304,0.0371,0.00758,0.345,0.61,4
Slow It Down,spotify:track:51eSHglvG1RJXtL3qI5trr,https://open.spotify.com/track/51eSHglvG1RJXtL3qI5trr,['Benson Boone'],Fireworks & Rollerblades,87,2.7,181.489,8,1,0.432,0.583,-4.682,0.0687,0.174,0.0,0.0933,0.544,4
ME! (feat. Brendon Urie of Panic! At The Disco),spotify:track:2Rk4JlNc2TPmZe2af99d45,https://open.spotify.com/track/2Rk4JlNc2TPmZe2af99d45,"['Taylor Swift', 'Brendon Urie', 'Panic! At The Disco']",Lover,72,3.22,182.162,0,1,0.61,0.83,-4.105,0.0571,0.033,0.0,0.118,0.728,4
Gooey,spotify:track:1gk3FhAV07q9Jg77UxnVjX,https://open.spotify.com/track/1gk3FhAV07q9Jg77UxnVjX,['Glass Animals'],ZABA,67,4.82,183.114,11,0,0.487,0.369,-13.424,0.0406,0.736,3.75e-05,0.0925,0.106,4
Someone New,spotify:track:2DNXgvkyv35vTWvdgjs7qn,https://open.spotify.com/track/2DNXgvkyv35vTWvdgjs7qn,['Hozier'],Hozier (Expanded Edition),74,3.71,183.791,7,1,0.443,0.533,-5.956,0.0473,0.429,3.66e-06,0.332,0.596,4
Someone New,spotify:track:2DNXgvkyv35vTWvdgjs7qn,https://open.spotify.com/track/2DNXgvkyv35vTWvdgjs7qn,['Hozier'],Hozier (Expanded Edition),74,3.71,183.791,7,1,0.443,0.533,-5.956,0.0473,0.429,3.66e-06,0.332,0.596,4
Don't Threaten Me with a Good Time,spotify:track:2fh3bZ8jZhMxOcfESE9nQY,https://open.spotify.com/track/2fh3bZ8jZhMxOcfESE9nQY,['Panic! At The Disco'],Death of a Bachelor,66,3.55,183.825,1,0,0.559,0.895,-4.476,0.0832,0.0154,0.0,0.175,0.59,4
Starboy,spotify:track:7MXVkk9YMctZqd1Srtv4MB,https://open.spotify.com/track/7MXVkk9YMctZqd1Srtv4MB,"['The Weeknd', 'Daft Punk']",Starboy,87,3.84,186.003,7,1,0.679,0.587,-7.015,0.276,0.141,6.35e-06,0.137,0.486,4
American Idiot,spotify:track:6nTiIhLmQ3FWhvrGafw2zj,https://open.spotify.com/track/6nTiIhLmQ3FWhvrGafw2zj,['Green Day'],American Idiot,79,2.94,186.113,1,1,0.38,0.988,-2.042,0.0639,2.64e-05,7.86e-05,0.368,0.769,4
"Love Me Like You Do - From ""Fifty Shades Of Grey""",spotify:track:3zHq9ouUJQFQRf3cm1rRLu,https://open.spotify.com/track/3zHq9ouUJQFQRf3cm1rRLu,['Ellie Goulding'],Delirium (Deluxe),74,4.21,189.857,8,1,0.262,0.606,-6.646,0.0484,0.247,0.0,0.125,0.275,4
"Love Me Like You Do - From ""Fifty Shades Of Grey""",spotify:track:3zHq9ouUJQFQRf3cm1rRLu,https://open.spotify.com/track/3zHq9ouUJQFQRf3cm1rRLu,['Ellie Goulding'],Delirium (Deluxe),74,4.21,189.857,8,1,0.262,0.606,-6.646,0.0484,0.247,0.0,0.125,0.275,4
Animals,spotify:track:2bL2gyO6kBdLkNSkxXNh6x,https://open.spotify.com/track/2bL2gyO6kBdLkNSkxXNh6x,['Maroon 5'],V,79,3.85,189.868,4,0,0.279,0.742,-6.46,0.0898,0.000185,0.0,0.593,0.328,4
Santa Tell Me,spotify:track:0lizgQ7Qw35od7CYaoMBZb,https://open.spotify.com/track/0lizgQ7Qw35od7CYaoMBZb,['Ariana Grande'],Santa Tell Me,81,3.4,191.868,7,1,0.525,0.621,-7.364,0.117,0.0489,0.0,0.291,0.592,4
Fortnight (feat. Post Malone),spotify:track:2OzhQlSqBEmt7hmkYxfT6m,https://open.spotify.com/track/2OzhQlSqBEmt7hmkYxfT6m,"['Taylor Swift', 'Post Malone']",THE TORTURED POETS DEPARTMENT,84,3.82,192.004,11,1,0.504,0.386,-10.976,0.0308,0.502,1.53e-05,0.0961,0.281,4
Heart-Shaped Box,spotify:track:11LmqTE2naFULdEP94AUBa,https://open.spotify.com/track/11LmqTE2naFULdEP94AUBa,['Nirvana'],In Utero (Deluxe Edition),79,4.69,203.006,1,1,0.256,0.641,-10.283,0.0552,0.199,0.0329,0.0853,0.382,4
